w,w1,l21,l22,w2,FOM
1.0,1.0,6.3,6.3,1.0,2244.6825240046096
1.0,1.0,6.3,6.3,1.5,2253.630056094598
1.0,1.0,6.3,6.3,2.0,2268.003113961956
1.0,1.0,6.3,6.3,2.5,2298.8829376749113
1.0,1.0,6.3,6.3,3.0,2332.1316430625334
1.0,1.0,6.3,6.3,3.5,2394.321633590428
1.0,1.0,6.3,6.8,1.0,2238.7761069116405
1.0,1.0,6.3,6.8,1.5,2232.0954625275917
1.0,1.0,6.3,6.8,2.0,2229.521032026224
1.0,1.0,6.3,6.8,2.5,2243.6115630058516
1.0,1.0,6.3,6.8,3.0,2257.9321416677612
1.0,1.0,6.3,6.8,3.5,2312.726432571577
1.0,1.0,6.3,7.3,1.0,2245.630361898286
1.0,1.0,6.3,7.3,1.5,2221.0397929638084
1.0,1.0,6.3,7.3,2.0,2212.1542979063142
1.0,1.0,6.3,7.3,2.5,2212.346415354847
1.0,1.0,6.3,7.3,3.0,2218.123693801715
1.0,1.0,6.3,7.3,3.5,2248.746094765553
1.0,1.0,6.8,6.3,1.0,2238.7698899346797
1.0,1.0,6.8,6.3,1.5,2232.0983526758714
1.0,1.0,6.8,6.3,2.0,2229.5474618133435
1.0,1.0,6.8,6.3,2.5,2239.2461221669664
1.0,1.0,6.8,6.3,3.0,2262.686192792089
1.0,1.0,6.8,6.3,3.5,2312.616653879211
1.0,1.0,6.8,6.8,1.0,2185.475388403607
1.0,1.0,6.8,6.8,1.5,2176.1775920514547
1.0,1.0,6.8,6.8,2.0,2168.2745121204753
1.0,1.0,6.8,6.8,2.5,2165.3178654462617
1.0,1.0,6.8,6.8,3.0,2176.3823524297213
1.0,1.0,6.8,6.8,3.5,2202.2123411197185
1.0,1.0,6.8,7.3,1.0,2149.9500477620627
1.0,1.0,6.8,7.3,1.5,2129.430682106024
1.0,1.0,6.8,7.3,2.0,2112.714488458151
1.0,1.0,6.8,7.3,2.5,2109.0684429919247
1.0,1.0,6.8,7.3,3.0,2112.3101976188573
1.0,1.0,6.8,7.3,3.5,2136.0688200462637
1.0,1.0,7.3,6.3,1.0,2245.585545732977
1.0,1.0,7.3,6.3,1.5,2221.046548780174
1.0,1.0,7.3,6.3,2.0,2202.6116489701953
1.0,1.0,7.3,6.3,2.5,2212.0560438470616
1.0,1.0,7.3,6.3,3.0,2219.108795826879
1.0,1.0,7.3,6.3,3.5,2248.738264941019
1.0,1.0,7.3,6.8,1.0,2149.950431197534
1.0,1.0,7.3,6.8,1.5,2129.415152752426
1.0,1.0,7.3,6.8,2.0,2118.66740274879
1.0,1.0,7.3,6.8,2.5,2109.060554718456
1.0,1.0,7.3,6.8,3.0,2112.158597942752
1.0,1.0,7.3,6.8,3.5,2136.039217934348
1.0,1.0,7.3,7.3,1.0,2094.457005861237
1.0,1.0,7.3,7.3,1.5,2067.0294577674617
1.0,1.0,7.3,7.3,2.0,2051.056351318768
1.0,1.0,7.3,7.3,2.5,2052.505495206245
1.0,1.0,7.3,7.3,3.0,2052.8234435587115
1.0,1.0,7.3,7.3,3.5,2050.147086426398
1.0,1.5,6.3,6.3,1.0,2179.940391341605
1.0,1.5,6.3,6.3,1.5,2204.5295804398493
1.0,1.5,6.3,6.3,2.0,2225.6802669635517
1.0,1.5,6.3,6.3,2.5,2254.8779917488246
1.0,1.5,6.3,6.3,3.0,2295.93675461371
1.0,1.5,6.3,6.3,3.5,2360.845448975438
1.0,1.5,6.3,6.8,1.0,2177.090022614107
1.0,1.5,6.3,6.8,1.5,2174.2110919684947
1.0,1.5,6.3,6.8,2.0,2188.386525738554
1.0,1.5,6.3,6.8,2.5,2201.6098021962443
1.0,1.5,6.3,6.8,3.0,2232.5883889200304
1.0,1.5,6.3,6.8,3.5,2288.408636216626
1.0,1.5,6.3,7.3,1.0,2193.1230241097564
1.0,1.5,6.3,7.3,1.5,2175.8734891365766
1.0,1.5,6.3,7.3,2.0,2172.7728007915425
1.0,1.5,6.3,7.3,2.5,2176.68120942948
1.0,1.5,6.3,7.3,3.0,2192.2582277044303
1.0,1.5,6.3,7.3,3.5,2229.9983428911437
1.0,1.5,6.8,6.3,1.0,2177.0538879475466
1.0,1.5,6.8,6.3,1.5,2174.248110710025
1.0,1.5,6.8,6.3,2.0,2176.667335907675
1.0,1.5,6.8,6.3,2.5,2201.6243909638506
1.0,1.5,6.8,6.3,3.0,2232.5675848237306
1.0,1.5,6.8,6.3,3.5,2296.0476858906336
1.0,1.5,6.8,6.8,1.0,2131.5294077407416
1.0,1.5,6.8,6.8,1.5,2129.9329474970978
1.0,1.5,6.8,6.8,2.0,2128.875859545099
1.0,1.5,6.8,6.8,2.5,2130.82079510857
1.0,1.5,6.8,6.8,3.0,2148.785802556525
1.0,1.5,6.8,6.8,3.5,2173.220226710842
1.0,1.5,6.8,7.3,1.0,2098.011616745618
1.0,1.5,6.8,7.3,1.5,2081.7033919362443
1.0,1.5,6.8,7.3,2.0,2081.5058760045276
1.0,1.5,6.8,7.3,2.5,2075.5881882697295
1.0,1.5,6.8,7.3,3.0,2086.246614960686
1.0,1.5,6.8,7.3,3.5,2112.6262636280303
1.0,1.5,7.3,6.3,1.0,2193.1044330710793
1.0,1.5,7.3,6.3,1.5,2175.857419820132
1.0,1.5,7.3,6.3,2.0,2174.256944721491
1.0,1.5,7.3,6.3,2.5,2176.493613666111
1.0,1.5,7.3,6.3,3.0,2192.2445953146553
1.0,1.5,7.3,6.3,3.5,2229.974984764812
1.0,1.5,7.3,6.8,1.0,2098.041877688298
1.0,1.5,7.3,6.8,1.5,2081.7001122362017
1.0,1.5,7.3,6.8,2.0,2081.502206204429
1.0,1.5,7.3,6.8,2.5,2082.0487216973906
1.0,1.5,7.3,6.8,3.0,2086.2059747928342
1.0,1.5,7.3,6.8,3.5,2112.580397793503
1.0,1.5,7.3,7.3,1.0,2045.9633511061324
1.0,1.5,7.3,7.3,1.5,2023.477358032353
1.0,1.5,7.3,7.3,2.0,2018.4232082915332
1.0,1.5,7.3,7.3,2.5,2018.2669239987617
1.0,1.5,7.3,7.3,3.0,2025.2144758311879
1.0,1.5,7.3,7.3,3.5,2026.9496857687332
1.0,2.0,6.3,6.3,1.0,2130.371817255602
1.0,2.0,6.3,6.3,1.5,2164.792383394075
1.0,2.0,6.3,6.3,2.0,2195.2254529598576
1.0,2.0,6.3,6.3,2.5,2233.8481869983043
1.0,2.0,6.3,6.3,3.0,2290.545888354929
1.0,2.0,6.3,6.3,3.5,2368.849149596059
1.0,2.0,6.3,6.8,1.0,2139.3557604194402
1.0,2.0,6.3,6.8,1.5,2143.040133368065
1.0,2.0,6.3,6.8,2.0,2152.4628118846267
1.0,2.0,6.3,6.8,2.5,2189.05225183339
1.0,2.0,6.3,6.8,3.0,2234.478002410556
1.0,2.0,6.3,6.8,3.5,2311.4655393486046
1.0,2.0,6.3,7.3,1.0,2154.5246042557164
1.0,2.0,6.3,7.3,1.5,2152.3704262782558
1.0,2.0,6.3,7.3,2.0,2153.0219874762656
1.0,2.0,6.3,7.3,2.5,2163.029213906473
1.0,2.0,6.3,7.3,3.0,2192.8423970967233
1.0,2.0,6.3,7.3,3.5,2242.8080276141545
1.0,2.0,6.8,6.3,1.0,2139.399524793477
1.0,2.0,6.8,6.3,1.5,2143.0090299533063
1.0,2.0,6.8,6.3,2.0,2152.7162598123064
1.0,2.0,6.8,6.3,2.5,2189.046835420584
1.0,2.0,6.8,6.3,3.0,2234.406014300528
1.0,2.0,6.8,6.3,3.5,2311.4148089612327
1.0,2.0,6.8,6.8,1.0,2095.304202907709
1.0,2.0,6.8,6.8,1.5,2091.1958509714063
1.0,2.0,6.8,6.8,2.0,2102.2850165465416
1.0,2.0,6.8,6.8,2.5,2115.631044550087
1.0,2.0,6.8,6.8,3.0,2130.365646394903
1.0,2.0,6.8,6.8,3.5,2190.6666522796268
1.0,2.0,6.8,7.3,1.0,2075.7025189697015
1.0,2.0,6.8,7.3,1.5,2054.3884915004533
1.0,2.0,6.8,7.3,2.0,2052.7256986921884
1.0,2.0,6.8,7.3,2.5,2059.2638660366792
1.0,2.0,6.8,7.3,3.0,2080.148595722264
1.0,2.0,6.8,7.3,3.5,2118.040642783256
1.0,2.0,7.3,6.3,1.0,2154.537557249108
1.0,2.0,7.3,6.3,1.5,2152.1536231091522
1.0,2.0,7.3,6.3,2.0,2152.8897074667925
1.0,2.0,7.3,6.3,2.5,2162.994597546512
1.0,2.0,7.3,6.3,3.0,2188.1428178143574
1.0,2.0,7.3,6.3,3.5,2242.910258212227
1.0,2.0,7.3,6.8,1.0,2071.9870305513523
1.0,2.0,7.3,6.8,1.5,2055.3723825943325
1.0,2.0,7.3,6.8,2.0,2052.692903106065
1.0,2.0,7.3,6.8,2.5,2059.299216560957
1.0,2.0,7.3,6.8,3.0,2080.1032496245352
1.0,2.0,7.3,6.8,3.5,2118.0158303376
1.0,2.0,7.3,7.3,1.0,2013.9032918806927
1.0,2.0,7.3,7.3,1.5,2003.5617993051246
1.0,2.0,7.3,7.3,2.0,1993.1895552588103
1.0,2.0,7.3,7.3,2.5,2001.5802337255197
1.0,2.0,7.3,7.3,3.0,2008.9478041229331
1.0,2.0,7.3,7.3,3.5,2019.6423264182786
1.0,2.5,6.3,6.3,1.0,2106.8903354827444
1.0,2.5,6.3,6.3,1.5,2134.4925830370066
1.0,2.5,6.3,6.3,2.0,2176.3651578308736
1.0,2.5,6.3,6.3,2.5,2228.3805213417468
1.0,2.5,6.3,6.3,3.0,2307.1340938807075
1.0,2.5,6.3,6.3,3.5,2419.145899174994
1.0,2.5,6.3,6.8,1.0,2116.9600076254455
1.0,2.5,6.3,6.8,1.5,2134.120642552849
1.0,2.5,6.3,6.8,2.0,2161.56509848128
1.0,2.5,6.3,6.8,2.5,2197.131672581141
1.0,2.5,6.3,6.8,3.0,2258.3010585500974
1.0,2.5,6.3,6.8,3.5,2370.683618809445
1.0,2.5,6.3,7.3,1.0,2138.228015254421
1.0,2.5,6.3,7.3,1.5,2132.0578174946986
1.0,2.5,6.3,7.3,2.0,2149.487589409078
1.0,2.5,6.3,7.3,2.5,2169.5333557113718
1.0,2.5,6.3,7.3,3.0,2209.8742811214
1.0,2.5,6.3,7.3,3.5,2321.5464723806426
1.0,2.5,6.8,6.3,1.0,2116.6772737666424
1.0,2.5,6.8,6.3,1.5,2134.145378732953
1.0,2.5,6.8,6.3,2.0,2161.480195572557
1.0,2.5,6.8,6.3,2.5,2197.026210278585
1.0,2.5,6.8,6.3,3.0,2258.292188211017
1.0,2.5,6.8,6.3,3.5,2371.0331489959717
1.0,2.5,6.8,6.8,1.0,2060.4559489490184
1.0,2.5,6.8,6.8,1.5,2061.4322171681447
1.0,2.5,6.8,6.8,2.0,2083.779743391304
1.0,2.5,6.8,6.8,2.5,2108.0418617310334
1.0,2.5,6.8,6.8,3.0,2148.089793527436
1.0,2.5,6.8,6.8,3.5,2240.794362815179
1.0,2.5,6.8,7.3,1.0,2055.0964001610546
1.0,2.5,6.8,7.3,1.5,2044.858473319045
1.0,2.5,6.8,7.3,2.0,2050.595809682651
1.0,2.5,6.8,7.3,2.5,2061.0046051302543
1.0,2.5,6.8,7.3,3.0,2092.476664670027
1.0,2.5,6.8,7.3,3.5,2152.630399991932
1.0,2.5,7.3,6.3,1.0,2127.9187052452125
1.0,2.5,7.3,6.3,1.5,2132.0821860221254
1.0,2.5,7.3,6.3,2.0,2149.454658570865
1.0,2.5,7.3,6.3,2.5,2169.521023926469
1.0,2.5,7.3,6.3,3.0,2209.8842611939153
1.0,2.5,7.3,6.3,3.5,2315.638948546212
1.0,2.5,7.3,6.8,1.0,2055.0923701625197
1.0,2.5,7.3,6.8,1.5,2044.8595905416862
1.0,2.5,7.3,6.8,2.0,2050.5740344223227
1.0,2.5,7.3,6.8,2.5,2060.9849658248163
1.0,2.5,7.3,6.8,3.0,2092.4571243828586
1.0,2.5,7.3,6.8,3.5,2153.553723955083
1.0,2.5,7.3,7.3,1.0,1982.1381694290885
1.0,2.5,7.3,7.3,1.5,1979.337021104405
1.0,2.5,7.3,7.3,2.0,1982.7598574439078
1.0,2.5,7.3,7.3,2.5,1984.5826853430044
1.0,2.5,7.3,7.3,3.0,2001.0814373626954
1.0,2.5,7.3,7.3,3.5,2038.022410686633
1.0,3.0,6.3,6.3,1.0,2095.6290575390813
1.0,3.0,6.3,6.3,1.5,2137.057207258641
1.0,3.0,6.3,6.3,2.0,2176.3708613559756
1.0,3.0,6.3,6.3,2.5,2247.278957966336
1.0,3.0,6.3,6.3,3.0,2336.4915515753864
1.0,3.0,6.3,6.3,3.5,2486.1935811710996
1.0,3.0,6.3,6.8,1.0,2097.3375200107794
1.0,3.0,6.3,6.8,1.5,2130.599245135069
1.0,3.0,6.3,6.8,2.0,2168.2813864304308
1.0,3.0,6.3,6.8,2.5,2225.3766058482415
1.0,3.0,6.3,6.8,3.0,2320.3908207737304
1.0,3.0,6.3,6.8,3.5,2462.0874758494983
1.0,3.0,6.3,7.3,1.0,2124.6583572639624
1.0,3.0,6.3,7.3,1.5,2126.9890224440596
1.0,3.0,6.3,7.3,2.0,2159.380833334594
1.0,3.0,6.3,7.3,2.5,2198.9828105995794
1.0,3.0,6.3,7.3,3.0,2289.581338639883
1.0,3.0,6.3,7.3,3.5,2460.218721916478
1.0,3.0,6.8,6.3,1.0,2097.2859759679
1.0,3.0,6.8,6.3,1.5,2130.569156248771
1.0,3.0,6.8,6.3,2.0,2168.104131114812
1.0,3.0,6.8,6.3,2.5,2225.2025076178325
1.0,3.0,6.8,6.3,3.0,2320.2337694010525
1.0,3.0,6.8,6.3,3.5,2462.0570152356677
1.0,3.0,6.8,6.8,1.0,2058.632960523726
1.0,3.0,6.8,6.8,1.5,2060.269479257954
1.0,3.0,6.8,6.8,2.0,2095.697260560938
1.0,3.0,6.8,6.8,2.5,2133.7689536435137
1.0,3.0,6.8,6.8,3.0,2202.140423355364
1.0,3.0,6.8,6.8,3.5,2351.6669541412994
1.0,3.0,6.8,7.3,1.0,2037.9044854100691
1.0,3.0,6.8,7.3,1.5,2045.0086339978789
1.0,3.0,6.8,7.3,2.0,2055.5193915316677
1.0,3.0,6.8,7.3,2.5,2077.200491180553
1.0,3.0,6.8,7.3,3.0,2130.65087014823
1.0,3.0,6.8,7.3,3.5,2254.926955536513
1.0,3.0,7.3,6.3,1.0,2121.223924696785
1.0,3.0,7.3,6.3,1.5,2126.9979799991324
1.0,3.0,7.3,6.3,2.0,2159.411940393384
1.0,3.0,7.3,6.3,2.5,2198.660735641275
1.0,3.0,7.3,6.3,3.0,2283.6882093864606
1.0,3.0,7.3,6.3,3.5,2473.218685045757
1.0,3.0,7.3,6.8,1.0,2037.930562942708
1.0,3.0,7.3,6.8,1.5,2045.0732959018426
1.0,3.0,7.3,6.8,2.0,2055.5017464769844
1.0,3.0,7.3,6.8,2.5,2077.1995972598315
1.0,3.0,7.3,6.8,3.0,2131.687468085934
1.0,3.0,7.3,6.8,3.5,2254.256437395301
1.0,3.0,7.3,7.3,1.0,1975.759975962486
1.0,3.0,7.3,7.3,1.5,1966.7865411826308
1.0,3.0,7.3,7.3,2.0,1972.7481080416073
1.0,3.0,7.3,7.3,2.5,1988.0209883913408
1.0,3.0,7.3,7.3,3.0,2024.2224281795327
1.0,3.0,7.3,7.3,3.5,2105.079183750081
1.0,3.5,6.3,6.3,1.0,2045.544680189276
1.0,3.5,6.3,6.3,1.5,2112.4004707612767
1.0,3.5,6.3,6.3,2.0,2185.889539921677
1.0,3.5,6.3,6.3,2.5,2278.860501345454
1.0,3.5,6.3,6.3,3.0,2396.5960601369143
1.0,3.5,6.3,6.3,3.5,2498.1564238686765
1.0,3.5,6.3,6.8,1.0,2094.6065700265813
1.0,3.5,6.3,6.8,1.5,2137.764929417464
1.0,3.5,6.3,6.8,2.0,2194.6904338571994
1.0,3.5,6.3,6.8,2.5,2286.83904015825
1.0,3.5,6.3,6.8,3.0,2392.6570858449672
1.0,3.5,6.3,6.8,3.5,2603.9774132652656
1.0,3.5,6.3,7.3,1.0,2136.2418685619828
1.0,3.5,6.3,7.3,1.5,2166.256269064722
1.0,3.5,6.3,7.3,2.0,2203.9954539408172
1.0,3.5,6.3,7.3,2.5,2280.7311853560695
1.0,3.5,6.3,7.3,3.0,2414.9232044572555
1.0,3.5,6.3,7.3,3.5,2662.63960357479
1.0,3.5,6.8,6.3,1.0,2110.0229935451
1.0,3.5,6.8,6.3,1.5,2137.7332201057225
1.0,3.5,6.8,6.3,2.0,2194.6591761825052
1.0,3.5,6.8,6.3,2.5,2284.626219112062
1.0,3.5,6.8,6.3,3.0,2418.978054369032
1.0,3.5,6.8,6.3,3.5,2568.9632680818704
1.0,3.5,6.8,6.8,1.0,2060.216664532031
1.0,3.5,6.8,6.8,1.5,2082.7944106213713
1.0,3.5,6.8,6.8,2.0,2121.7007162734276
1.0,3.5,6.8,6.8,2.5,2190.486468243096
1.0,3.5,6.8,6.8,3.0,2302.3988185258813
1.0,3.5,6.8,6.8,3.5,2521.8833032094226
1.0,3.5,6.8,7.3,1.0,2032.5125120027747
1.0,3.5,6.8,7.3,1.5,2055.9309924241306
1.0,3.5,6.8,7.3,2.0,2071.563993146104
1.0,3.5,6.8,7.3,2.5,2129.279713187269
1.0,3.5,6.8,7.3,3.0,2224.6460549377844
1.0,3.5,6.8,7.3,3.5,2452.2522743326676
1.0,3.5,7.3,6.3,1.0,2136.228192854816
1.0,3.5,7.3,6.3,1.5,2166.132209349217
1.0,3.5,7.3,6.3,2.0,2203.7867825450253
1.0,3.5,7.3,6.3,2.5,2273.518451058424
1.0,3.5,7.3,6.3,3.0,2425.900889571437
1.0,3.5,7.3,6.3,3.5,2662.547374380928
1.0,3.5,7.3,6.8,1.0,2032.4656468508592
1.0,3.5,7.3,6.8,1.5,2055.9077634345244
1.0,3.5,7.3,6.8,2.0,2071.536451594377
1.0,3.5,7.3,6.8,2.5,2127.685547853166
1.0,3.5,7.3,6.8,3.0,2224.3552642867776
1.0,3.5,7.3,6.8,3.5,2453.4053366920007
1.0,3.5,7.3,7.3,1.0,1979.163634694141
1.0,3.5,7.3,7.3,1.5,1976.112116983539
1.0,3.5,7.3,7.3,2.0,1988.959001475299
1.0,3.5,7.3,7.3,2.5,2021.1275535817886
1.0,3.5,7.3,7.3,3.0,2090.206307526293
1.0,3.5,7.3,7.3,3.5,2265.5548163472486
1.1,1.5,6.3,6.3,1.5,2193.985061827698
1.2,1.5,6.3,6.3,1.5,2279.4380662881067
1.3,1.5,6.3,6.3,1.5,2336.2805567769456
1.4,1.5,6.3,6.3,1.5,2388.6292271350053
1.5,1.0,6.3,6.3,1.0,2464.64232523889
1.5,1.0,6.3,6.3,1.5,2514.8442261606206
1.5,1.0,6.3,6.3,2.0,2558.461347516902
1.5,1.0,6.3,6.3,2.5,2578.845514015081
1.5,1.0,6.3,6.3,3.0,2650.5213513735225
1.5,1.0,6.3,6.3,3.5,2742.001329902624
1.5,1.0,6.3,6.8,1.0,2515.0914496093146
1.5,1.0,6.3,6.8,1.5,2504.2599347096952
1.5,1.0,6.3,6.8,2.0,2532.473741540752
1.5,1.0,6.3,6.8,2.5,2581.4227157915398
1.5,1.0,6.3,6.8,3.0,2644.6490202999616
1.5,1.0,6.3,6.8,3.5,2758.490792574311
1.5,1.0,6.3,7.3,1.0,2563.5220172317
1.5,1.0,6.3,7.3,1.5,2555.172097775158
1.5,1.0,6.3,7.3,2.0,2570.9968157521234
1.5,1.0,6.3,7.3,2.5,2582.5232284181825
1.5,1.0,6.3,7.3,3.0,2660.801932713024
1.5,1.0,6.3,7.3,3.5,2788.8235316027685
1.5,1.0,6.8,6.3,1.0,2515.1460316532675
1.5,1.0,6.8,6.3,1.5,2504.2618004822607
1.5,1.0,6.8,6.3,2.0,2532.5193561988367
1.5,1.0,6.8,6.3,2.5,2581.45163712155
1.5,1.0,6.8,6.3,3.0,2644.6669453351255
1.5,1.0,6.8,6.3,3.5,2758.507153279993
1.5,1.0,6.8,6.8,1.0,2450.8767718343443
1.5,1.0,6.8,6.8,1.5,2451.486349368634
1.5,1.0,6.8,6.8,2.0,2468.5678028547386
1.5,1.0,6.8,6.8,2.5,2495.9671307739895
1.5,1.0,6.8,6.8,3.0,2547.1573412629186
1.5,1.0,6.8,6.8,3.5,2654.7655299981197
1.5,1.0,6.8,7.3,1.0,2445.8936671116894
1.5,1.0,6.8,7.3,1.5,2412.761370874997
1.5,1.0,6.8,7.3,2.0,2416.166573877519
1.5,1.0,6.8,7.3,2.5,2435.6086955544483
1.5,1.0,6.8,7.3,3.0,2464.8848649502406
1.5,1.0,6.8,7.3,3.5,2573.523903009167
1.5,1.0,7.3,6.3,1.0,2563.6133858304365
1.5,1.0,7.3,6.3,1.5,2555.2404703306606
1.5,1.0,7.3,6.3,2.0,2571.0587937934642
1.5,1.0,7.3,6.3,2.5,2582.6457094201437
1.5,1.0,7.3,6.3,3.0,2660.9229575091313
1.5,1.0,7.3,6.3,3.5,2788.973025250934
1.5,1.0,7.3,6.8,1.0,2445.967761628565
1.5,1.0,7.3,6.8,1.5,2412.7968660322667
1.5,1.0,7.3,6.8,2.0,2416.1961690987728
1.5,1.0,7.3,6.8,2.5,2435.6722440322565
1.5,1.0,7.3,6.8,3.0,2464.9078159780393
1.5,1.0,7.3,6.8,3.5,2573.5748486482908
1.5,1.0,7.3,7.3,1.0,2353.4720783010134
1.5,1.0,7.3,7.3,1.5,2341.536340019913
1.5,1.0,7.3,7.3,2.0,2328.734937536962
1.5,1.0,7.3,7.3,2.5,2329.4363354639017
1.5,1.0,7.3,7.3,3.0,2346.866804286682
1.5,1.0,7.3,7.3,3.5,2391.3005557273564
1.5,1.1,6.3,6.3,1.5,2501.664508811622
1.5,1.2,6.3,6.3,1.5,2486.970357234442
1.5,1.3,6.3,6.3,1.5,2469.3284861171514
1.5,1.4,6.3,6.3,1.5,2462.5378898278036
1.5,1.5,6.3,6.3,1.0,2360.448432767259
1.5,1.5,6.3,6.3,1.1,2397.8882259035436
1.5,1.5,6.3,6.3,1.2,2419.687561510702
1.5,1.5,6.3,6.3,1.3,2427.436997120637
1.5,1.5,6.3,6.3,1.4,2438.009903597489
1.5,1.5,6.3,6.3,1.5,2448.051414423777
1.5,1.5,6.3,6.3,1.6,2423.287739899154
1.5,1.5,6.3,6.3,1.7,2433.144919684367
1.5,1.5,6.3,6.3,1.8,2485.9800051024968
1.5,1.5,6.3,6.3,1.9,2453.8539920748754
1.5,1.5,6.3,6.3,2.0,2496.975729857144
1.5,1.5,6.3,6.3,2.1,2474.4009244427866
1.5,1.5,6.3,6.3,2.2,2485.698199262154
1.5,1.5,6.3,6.3,2.3,2497.2022601528024
1.5,1.5,6.3,6.3,2.4,2495.828478772292
1.5,1.5,6.3,6.3,2.5,2523.4762812204262
1.5,1.5,6.3,6.3,2.6,2535.07622354004
1.5,1.5,6.3,6.3,2.7,2533.917588337835
1.5,1.5,6.3,6.3,2.8,2564.0197839876787
1.5,1.5,6.3,6.3,2.9,2579.6040909600606
1.5,1.5,6.3,6.3,3.0,2599.0898084903074
1.5,1.5,6.3,6.3,3.1,2612.419627964475
1.5,1.5,6.3,6.3,3.2,2630.9599891944704
1.5,1.5,6.3,6.3,3.3,2650.5385838995794
1.5,1.5,6.3,6.3,3.4,2670.8387246762513
1.5,1.5,6.3,6.3,3.5,2690.890735967166
1.5,1.5,6.3,6.4,1.5,2417.9203669745975
1.5,1.5,6.3,6.5,1.5,2459.034553602662
1.5,1.5,6.3,6.6,1.5,2471.344321633636
1.5,1.5,6.3,6.7,1.5,2474.3883667554333
1.5,1.5,6.3,6.8,1.0,2422.3829074464174
1.5,1.5,6.3,6.8,1.5,2483.343222139207
1.5,1.5,6.3,6.8,2.0,2489.66902747086
1.5,1.5,6.3,6.8,2.5,2530.3053808150917
1.5,1.5,6.3,6.8,3.0,2604.916764516876
1.5,1.5,6.3,6.8,3.5,2710.143132023622
1.5,1.5,6.3,6.9,1.5,2460.2295528307245
1.5,1.5,6.3,7.0,1.5,2480.301899777745
1.5,1.5,6.3,7.1,1.5,2491.0682697835973
1.5,1.5,6.3,7.2,1.5,2501.0677997373596
1.5,1.5,6.3,7.3,1.0,2511.1832625058687
1.5,1.5,6.3,7.3,1.5,2510.4901378576224
1.5,1.5,6.3,7.3,2.0,2513.264845309531
1.5,1.5,6.3,7.3,2.5,2562.0856624699527
1.5,1.5,6.3,7.3,3.0,2630.212578414412
1.5,1.5,6.3,7.3,3.5,2758.9642289056446
1.5,1.5,6.4,6.3,1.5,2417.95587380666
1.5,1.5,6.5,6.3,1.5,2428.2700366052622
1.5,1.5,6.6,6.3,1.5,2435.3731570813807
1.5,1.5,6.7,6.3,1.5,2473.9515004345403
1.5,1.5,6.8,6.3,1.0,2422.408291837888
1.5,1.5,6.8,6.3,1.5,2483.369503133083
1.5,1.5,6.8,6.3,2.0,2489.6880860190795
1.5,1.5,6.8,6.3,2.5,2530.3638701221503
1.5,1.5,6.8,6.3,3.0,2604.931524174488
1.5,1.5,6.8,6.3,3.5,2710.196649358022
1.5,1.5,6.8,6.8,1.0,2389.4748438912175
1.5,1.5,6.8,6.8,1.5,2404.018522045603
1.5,1.5,6.8,6.8,2.0,2424.962862142248
1.5,1.5,6.8,6.8,2.5,2453.8147617256486
1.5,1.5,6.8,6.8,3.0,2511.1965477593453
1.5,1.5,6.8,6.8,3.5,2594.7689865340744
1.5,1.5,6.8,7.3,1.0,2391.7221346497236
1.5,1.5,6.8,7.3,1.5,2370.02548247027
1.5,1.5,6.8,7.3,2.0,2379.506033335814
1.5,1.5,6.8,7.3,2.5,2401.089635432358
1.5,1.5,6.8,7.3,3.0,2436.0223447398803
1.5,1.5,6.8,7.3,3.5,2544.517031758761
1.5,1.5,6.9,6.3,1.5,2460.2715194888965
1.5,1.5,7.0,6.3,1.5,2476.7248882092263
1.5,1.5,7.1,6.3,1.5,2490.9656210201492
1.5,1.5,7.2,6.3,1.5,2501.100294847336
1.5,1.5,7.3,6.3,1.0,2511.2442929830268
1.5,1.5,7.3,6.3,1.5,2510.5758429112407
1.5,1.5,7.3,6.3,2.0,2513.3766252893615
1.5,1.5,7.3,6.3,2.5,2562.169551526563
1.5,1.5,7.3,6.3,3.0,2630.3063921523194
1.5,1.5,7.3,6.3,3.5,2759.079170783393
1.5,1.5,7.3,6.8,1.0,2391.789573142958
1.5,1.5,7.3,6.8,1.5,2370.061510420011
1.5,1.5,7.3,6.8,2.0,2379.5568510717376
1.5,1.5,7.3,6.8,2.5,2401.137242134385
1.5,1.5,7.3,6.8,3.0,2436.0904373055573
1.5,1.5,7.3,6.8,3.5,2544.6002936243403
1.5,1.5,7.3,7.3,1.0,2308.5562642974896
1.5,1.5,7.3,7.3,1.5,2302.413894237884
1.5,1.5,7.3,7.3,2.0,2294.980366233404
1.5,1.5,7.3,7.3,2.5,2295.765670214313
1.5,1.5,7.3,7.3,3.0,2319.980243187584
1.5,1.5,7.3,7.3,3.5,2365.7543670022746
1.5,1.6,6.3,6.3,1.5,2438.2796167790534
1.5,1.7,6.3,6.3,1.5,2428.348136599235
1.5,1.8,6.3,6.3,1.5,2421.394126473218
1.5,1.9,6.3,6.3,1.5,2372.523611865948
1.5,2.0,6.3,6.3,1.0,2344.9536922728385
1.5,2.0,6.3,6.3,1.5,2404.4954772239635
1.5,2.0,6.3,6.3,2.0,2421.7507327432786
1.5,2.0,6.3,6.3,2.5,2487.9151386887775
1.5,2.0,6.3,6.3,3.0,2566.358657050439
1.5,2.0,6.3,6.3,3.5,2665.808467495613
1.5,2.0,6.3,6.8,1.0,2375.189882669316
1.5,2.0,6.3,6.8,1.5,2444.116203624259
1.5,2.0,6.3,6.8,2.0,2455.317874377801
1.5,2.0,6.3,6.8,2.5,2512.3478743559435
1.5,2.0,6.3,6.8,3.0,2595.389544325267
1.5,2.0,6.3,6.8,3.5,2723.812653134066
1.5,2.0,6.3,7.3,1.0,2478.496460915076
1.5,2.0,6.3,7.3,1.5,2480.7982449803662
1.5,2.0,6.3,7.3,2.0,2512.583313213765
1.5,2.0,6.3,7.3,2.5,2557.362490540376
1.5,2.0,6.3,7.3,3.0,2638.2141782186427
1.5,2.0,6.3,7.3,3.5,2764.0952240248735
1.5,2.0,6.8,6.3,1.0,2375.2104496567276
1.5,2.0,6.8,6.3,1.5,2444.186432273465
1.5,2.0,6.8,6.3,2.0,2455.37911546789
1.5,2.0,6.8,6.3,2.5,2512.347015307188
1.5,2.0,6.8,6.3,3.0,2595.436404112604
1.5,2.0,6.8,6.3,3.5,2723.841799541574
1.5,2.0,6.8,6.8,1.0,2351.0438830274543
1.5,2.0,6.8,6.8,1.5,2372.7371459862643
1.5,2.0,6.8,6.8,2.0,2396.019606975363
1.5,2.0,6.8,6.8,2.5,2438.015920478573
1.5,2.0,6.8,6.8,3.0,2509.590741130344
1.5,2.0,6.8,6.8,3.5,2606.828561240291
1.5,2.0,6.8,7.3,1.0,2368.4791624350546
1.5,2.0,6.8,7.3,1.5,2344.706319148212
1.5,2.0,6.8,7.3,2.0,2363.005548820486
1.5,2.0,6.8,7.3,2.5,2386.8091197487197
1.5,2.0,6.8,7.3,3.0,2452.202333461928
1.5,2.0,6.8,7.3,3.5,2556.2179803852623
1.5,2.0,7.3,6.3,1.0,2478.6039865277007
1.5,2.0,7.3,6.3,1.5,2480.8648124417937
1.5,2.0,7.3,6.3,2.0,2512.6747805742866
1.5,2.0,7.3,6.3,2.5,2557.4598904751324
1.5,2.0,7.3,6.3,3.0,2638.3315251116323
1.5,2.0,7.3,6.3,3.5,2764.2076987975142
1.5,2.0,7.3,6.8,1.0,2368.524130684572
1.5,2.0,7.3,6.8,1.5,2344.742836629123
1.5,2.0,7.3,6.8,2.0,2363.083375275509
1.5,2.0,7.3,6.8,2.5,2386.8668741215915
1.5,2.0,7.3,6.8,3.0,2452.2779563739896
1.5,2.0,7.3,6.8,3.5,2556.2392365850137
1.5,2.0,7.3,7.3,1.0,2278.61931995003
1.5,2.0,7.3,7.3,1.5,2276.480456459981
1.5,2.0,7.3,7.3,2.0,2273.154703893075
1.5,2.0,7.3,7.3,2.5,2285.31432381194
1.5,2.0,7.3,7.3,3.0,2310.9305879266867
1.5,2.0,7.3,7.3,3.5,2385.241182895955
1.5,2.1,6.3,6.3,1.5,2394.9199732380634
1.5,2.2,6.3,6.3,1.5,2346.909050101813
1.5,2.3,6.3,6.3,1.5,2379.1452880532893
1.5,2.4,6.3,6.3,1.5,2331.614066958068
1.5,2.5,6.3,6.3,1.0,2300.5102951205627
1.5,2.5,6.3,6.3,1.5,2324.2554948439147
1.5,2.5,6.3,6.3,2.0,2389.581831447973
1.5,2.5,6.3,6.3,2.5,2463.2447618705673
1.5,2.5,6.3,6.3,3.0,2548.425097676042
1.5,2.5,6.3,6.3,3.5,2621.3814045923746
1.5,2.5,6.3,6.8,1.0,2378.5716213282253
1.5,2.5,6.3,6.8,1.5,2414.3283379610684
1.5,2.5,6.3,6.8,2.0,2441.0107684512304
1.5,2.5,6.3,6.8,2.5,2511.627686196367
1.5,2.5,6.3,6.8,3.0,2609.398537470422
1.5,2.5,6.3,6.8,3.5,2740.2587964861996
1.5,2.5,6.3,7.3,1.0,2459.1765846178273
1.5,2.5,6.3,7.3,1.5,2477.4181027179757
1.5,2.5,6.3,7.3,2.0,2513.653075755946
1.5,2.5,6.3,7.3,2.5,2575.6490728761005
1.5,2.5,6.3,7.3,3.0,2667.0117340626157
1.5,2.5,6.3,7.3,3.5,2861.475642134572
1.5,2.5,6.8,6.3,1.0,2378.6352214457584
1.5,2.5,6.8,6.3,1.5,2414.3639859437835
1.5,2.5,6.8,6.3,2.0,2441.0756765234682
1.5,2.5,6.8,6.3,2.5,2511.6325026517407
1.5,2.5,6.8,6.3,3.0,2609.3858485414075
1.5,2.5,6.8,6.3,3.5,2740.347865124387
1.5,2.5,6.8,6.8,1.0,2324.0365519835905
1.5,2.5,6.8,6.8,1.5,2347.161223077825
1.5,2.5,6.8,6.8,2.0,2388.9685631926022
1.5,2.5,6.8,6.8,2.5,2438.7387529568077
1.5,2.5,6.8,6.8,3.0,2532.881312686838
1.5,2.5,6.8,6.8,3.5,2664.3466498902753
1.5,2.5,6.8,7.3,1.0,2336.052785354178
1.5,2.5,6.8,7.3,1.5,2350.7044308446284
1.5,2.5,6.8,7.3,2.0,2351.2577719776773
1.5,2.5,6.8,7.3,2.5,2408.4338100620075
1.5,2.5,6.8,7.3,3.0,2480.369944560699
1.5,2.5,6.8,7.3,3.5,2623.309687758445
1.5,2.5,7.3,6.3,1.0,2459.2798368874783
1.5,2.5,7.3,6.3,1.5,2477.5221837958034
1.5,2.5,7.3,6.3,2.0,2513.7769740944154
1.5,2.5,7.3,6.3,2.5,2575.7417380293405
1.5,2.5,7.3,6.3,3.0,2667.1188942052017
1.5,2.5,7.3,6.3,3.5,2861.546116709602
1.5,2.5,7.3,6.8,1.0,2336.1327295169676
1.5,2.5,7.3,6.8,1.5,2350.800855493386
1.5,2.5,7.3,6.8,2.0,2351.2795060767876
1.5,2.5,7.3,6.8,2.5,2408.5100713913216
1.5,2.5,7.3,6.8,3.0,2480.444030563105
1.5,2.5,7.3,6.8,3.5,2623.4075992909893
1.5,2.5,7.3,7.3,1.0,2259.4553311027366
1.5,2.5,7.3,7.3,1.5,2249.514436353722
1.5,2.5,7.3,7.3,2.0,2263.0695332157534
1.5,2.5,7.3,7.3,2.5,2284.3733822351123
1.5,2.5,7.3,7.3,3.0,2333.012116722704
1.5,2.5,7.3,7.3,3.5,2459.0689326753304
1.5,2.6,6.3,6.3,1.5,2317.636767557075
1.5,2.7,6.3,6.3,1.5,2311.163325992486
1.5,2.8,6.3,6.3,1.5,2346.767432710454
1.5,2.9,6.3,6.3,1.5,2341.1832458466333
1.5,3.0,6.3,6.3,1.0,2264.7662064697256
1.5,3.0,6.3,6.3,1.5,2293.1354762602114
1.5,3.0,6.3,6.3,2.0,2364.4050883436867
1.5,3.0,6.3,6.3,2.5,2440.7266824404046
1.5,3.0,6.3,6.3,3.0,2524.9178684950866
1.5,3.0,6.3,6.3,3.5,2611.0533325885053
1.5,3.0,6.3,6.8,1.0,2351.493445704548
1.5,3.0,6.3,6.8,1.5,2394.7451194093437
1.5,3.0,6.3,6.8,2.0,2465.587178488824
1.5,3.0,6.3,6.8,2.5,2519.2843015980548
1.5,3.0,6.3,6.8,3.0,2627.8173496053546
1.5,3.0,6.3,6.8,3.5,2752.099466885268
1.5,3.0,6.3,7.3,1.0,2446.9357010103763
1.5,3.0,6.3,7.3,1.5,2484.216797084033
1.5,3.0,6.3,7.3,2.0,2536.1355998157705
1.5,3.0,6.3,7.3,2.5,2618.7479008716
1.5,3.0,6.3,7.3,3.0,2758.8835592721234
1.5,3.0,6.3,7.3,3.5,2963.8594484734726
1.5,3.0,6.8,6.3,1.0,2351.4813498635394
1.5,3.0,6.8,6.3,1.5,2394.790573995955
1.5,3.0,6.8,6.3,2.0,2465.640917382401
1.5,3.0,6.8,6.3,2.5,2519.3530616305193
1.5,3.0,6.8,6.3,3.0,2627.8537027902726
1.5,3.0,6.8,6.3,3.5,2752.1297681429105
1.5,3.0,6.8,6.8,1.0,2332.1194170208096
1.5,3.0,6.8,6.8,1.5,2342.9595536122306
1.5,3.0,6.8,6.8,2.0,2392.6459924239794
1.5,3.0,6.8,6.8,2.5,2462.2371836545703
1.5,3.0,6.8,6.8,3.0,2569.6967157906165
1.5,3.0,6.8,6.8,3.5,2739.158563541465
1.5,3.0,6.8,7.3,1.0,2336.329132099117
1.5,3.0,6.8,7.3,1.5,2352.17985503783
1.5,3.0,6.8,7.3,2.0,2383.179765840281
1.5,3.0,6.8,7.3,2.5,2448.1581672159095
1.5,3.0,6.8,7.3,3.0,2569.5873453046142
1.5,3.0,6.8,7.3,3.5,2751.7428182856543
1.5,3.0,7.3,6.3,1.0,2447.0290133647622
1.5,3.0,7.3,6.3,1.5,2484.294595756761
1.5,3.0,7.3,6.3,2.0,2536.2570041947597
1.5,3.0,7.3,6.3,2.5,2618.841657605448
1.5,3.0,7.3,6.3,3.0,2758.991282696931
1.5,3.0,7.3,6.3,3.5,2963.9683811150594
1.5,3.0,7.3,6.8,1.0,2336.419734450082
1.5,3.0,7.3,6.8,1.5,2352.212458522731
1.5,3.0,7.3,6.8,2.0,2383.2720712766513
1.5,3.0,7.3,6.8,2.5,2448.226524097229
1.5,3.0,7.3,6.8,3.0,2569.6486861365893
1.5,3.0,7.3,6.8,3.5,2751.7932731532137
1.5,3.0,7.3,7.3,1.0,2238.337905174853
1.5,3.0,7.3,7.3,1.5,2251.3799753287976
1.5,3.0,7.3,7.3,2.0,2266.3968444257057
1.5,3.0,7.3,7.3,2.5,2307.5350192911433
1.5,3.0,7.3,7.3,3.0,2401.677773593331
1.5,3.0,7.3,7.3,3.5,2581.27013542048
1.5,3.1,6.3,6.3,1.5,2330.4133124265845
1.5,3.2,6.3,6.3,1.5,2325.2704211936402
1.5,3.3,6.3,6.3,1.5,2320.44323511662
1.5,3.4,6.3,6.3,1.5,2313.412331920387
1.5,3.5,6.3,6.3,1.0,2237.3584675898346
1.5,3.5,6.3,6.3,1.5,2311.119206288375
1.5,3.5,6.3,6.3,2.0,2358.306115390286
1.5,3.5,6.3,6.3,2.5,2422.948723916146
1.5,3.5,6.3,6.3,3.0,2516.2139761646904
1.5,3.5,6.3,6.3,3.5,2559.8758115272694
1.5,3.5,6.3,6.8,1.0,2290.497858953621
1.5,3.5,6.3,6.8,1.5,2358.2119640162236
1.5,3.5,6.3,6.8,2.0,2436.664173353466
1.5,3.5,6.3,6.8,2.5,2529.9498059853645
1.5,3.5,6.3,6.8,3.0,2612.6374870783184
1.5,3.5,6.3,6.8,3.5,2731.5553954512634
1.5,3.5,6.3,7.3,1.0,2452.822491776709
1.5,3.5,6.3,7.3,1.5,2501.335385332446
1.5,3.5,6.3,7.3,2.0,2575.454856010113
1.5,3.5,6.3,7.3,2.5,2688.753189193323
1.5,3.5,6.3,7.3,3.0,2853.641765843643
1.5,3.5,6.3,7.3,3.5,3040.0576611690703
1.5,3.5,6.8,6.3,1.0,2290.5325908314207
1.5,3.5,6.8,6.3,1.5,2358.245537046474
1.5,3.5,6.8,6.3,2.0,2436.7053775773056
1.5,3.5,6.8,6.3,2.5,2530.0063146111274
1.5,3.5,6.8,6.3,3.0,2612.648503516726
1.5,3.5,6.8,6.3,3.5,2731.5610403907503
1.5,3.5,6.8,6.8,1.0,2322.278396367208
1.5,3.5,6.8,6.8,1.5,2348.00092914808
1.5,3.5,6.8,6.8,2.0,2416.7908946160596
1.5,3.5,6.8,6.8,2.5,2514.473493459405
1.5,3.5,6.8,6.8,3.0,2643.9878507463854
1.5,3.5,6.8,6.8,3.5,2763.3091947944067
1.5,3.5,6.8,7.3,1.0,2342.429433919452
1.5,3.5,6.8,7.3,1.5,2371.026864213496
1.5,3.5,6.8,7.3,2.0,2413.3321256116924
1.5,3.5,6.8,7.3,2.5,2520.2971284723385
1.5,3.5,6.8,7.3,3.0,2663.929584485537
1.5,3.5,6.8,7.3,3.5,2895.764619774614
1.5,3.5,7.3,6.3,1.0,2452.9457291204812
1.5,3.5,7.3,6.3,1.5,2501.4123079965193
1.5,3.5,7.3,6.3,2.0,2575.5785962432124
1.5,3.5,7.3,6.3,2.5,2688.865457268462
1.5,3.5,7.3,6.3,3.0,2853.6915686764532
1.5,3.5,7.3,6.3,3.5,3040.1412298333134
1.5,3.5,7.3,6.8,1.0,2342.44735248943
1.5,3.5,7.3,6.8,1.5,2371.050812738704
1.5,3.5,7.3,6.8,2.0,2413.350511725073
1.5,3.5,7.3,6.8,2.5,2520.3214724290374
1.5,3.5,7.3,6.8,3.0,2663.9750506747887
1.5,3.5,7.3,6.8,3.5,2895.844624113314
1.5,3.5,7.3,7.3,1.0,2261.010604015956
1.5,3.5,7.3,7.3,1.5,2272.858281377223
1.5,3.5,7.3,7.3,2.0,2307.525935076458
1.5,3.5,7.3,7.3,2.5,2383.6864517507747
1.5,3.5,7.3,7.3,3.0,2511.887778627676
1.5,3.5,7.3,7.3,3.5,2778.919515719371
1.6,1.5,6.3,6.3,1.5,2433.0003923937807
1.7,1.5,6.3,6.3,1.5,2473.5861809933194
1.8,1.5,6.3,6.3,1.5,2493.22697047137
1.9,1.5,6.3,6.3,1.5,2506.1650252828654
2.0,1.0,6.3,6.3,1.0,2522.7926270500748
2.0,1.0,6.3,6.3,1.5,2566.8525672538035
2.0,1.0,6.3,6.3,2.0,2620.003586408471
2.0,1.0,6.3,6.3,2.5,2684.937968093327
2.0,1.0,6.3,6.3,3.0,2707.373606717858
2.0,1.0,6.3,6.3,3.5,2785.2050554354005
2.0,1.0,6.3,6.8,1.0,2588.7837506115866
2.0,1.0,6.3,6.8,1.5,2628.4039749128906
2.0,1.0,6.3,6.8,2.0,2684.704640443298
2.0,1.0,6.3,6.8,2.5,2749.666130683263
2.0,1.0,6.3,6.8,3.0,2831.5879488439623
2.0,1.0,6.3,6.8,3.5,2883.692867520115
2.0,1.0,6.3,7.3,1.0,2738.827470996264
2.0,1.0,6.3,7.3,1.5,2739.576007217047
2.0,1.0,6.3,7.3,2.0,2777.326286618998
2.0,1.0,6.3,7.3,2.5,2836.220681347242
2.0,1.0,6.3,7.3,3.0,2925.2601267103796
2.0,1.0,6.3,7.3,3.5,3060.9867946725226
2.0,1.0,6.8,6.3,1.0,2588.6825514603725
2.0,1.0,6.8,6.3,1.5,2628.3839551973783
2.0,1.0,6.8,6.3,2.0,2684.4454793799537
2.0,1.0,6.8,6.3,2.5,2749.2320020609127
2.0,1.0,6.8,6.3,3.0,2791.116518061229
2.0,1.0,6.8,6.3,3.5,2862.5894523196457
2.0,1.0,6.8,6.8,1.0,2582.8672515905855
2.0,1.0,6.8,6.8,1.5,2607.3060615288596
2.0,1.0,6.8,6.8,2.0,2612.2091320228346
2.0,1.0,6.8,6.8,2.5,2659.523815193984
2.0,1.0,6.8,6.8,3.0,2735.9341715882892
2.0,1.0,6.8,6.8,3.5,2845.0699088284236
2.0,1.0,6.8,7.3,1.0,2621.052305746339
2.0,1.0,6.8,7.3,1.5,2612.1886032003863
2.0,1.0,6.8,7.3,2.0,2633.458433516539
2.0,1.0,6.8,7.3,2.5,2669.5486323624373
2.0,1.0,6.8,7.3,3.0,2737.7568288051
2.0,1.0,6.8,7.3,3.5,2867.4674971877557
2.0,1.0,7.3,6.3,1.0,2715.9243012626675
2.0,1.0,7.3,6.3,1.5,2739.5660391519273
2.0,1.0,7.3,6.3,2.0,2777.2808356746386
2.0,1.0,7.3,6.3,2.5,2836.130699435618
2.0,1.0,7.3,6.3,3.0,2924.925036301347
2.0,1.0,7.3,6.3,3.5,3060.8223406713205
2.0,1.0,7.3,6.8,1.0,2621.034791483956
2.0,1.0,7.3,6.8,1.5,2612.168945831783
2.0,1.0,7.3,6.8,2.0,2633.4387554300856
2.0,1.0,7.3,6.8,2.5,2669.5281198517537
2.0,1.0,7.3,6.8,3.0,2737.736229411969
2.0,1.0,7.3,6.8,3.5,2867.4460736974474
2.0,1.0,7.3,7.3,1.0,2520.027293174511
2.0,1.0,7.3,7.3,1.5,2510.029920441326
2.0,1.0,7.3,7.3,2.0,2514.9045339949366
2.0,1.0,7.3,7.3,2.5,2535.7621954601755
2.0,1.0,7.3,7.3,3.0,2605.569008272546
2.0,1.0,7.3,7.3,3.5,2722.7259171102205
2.0,1.5,6.3,6.3,1.0,2467.8424022576796
2.0,1.5,6.3,6.3,1.5,2514.4907861142533
2.0,1.5,6.3,6.3,2.0,2569.2315522566555
2.0,1.5,6.3,6.3,2.5,2633.1930114072534
2.0,1.5,6.3,6.3,3.0,2708.48489863772
2.0,1.5,6.3,6.3,3.5,2734.4679340529824
2.0,1.5,6.3,6.8,1.0,2535.6980114539724
2.0,1.5,6.3,6.8,1.5,2579.8097600617266
2.0,1.5,6.3,6.8,2.0,2634.1100286755536
2.0,1.5,6.3,6.8,2.5,2699.106978900168
2.0,1.5,6.3,6.8,3.0,2781.458214808279
2.0,1.5,6.3,6.8,3.5,2812.850953268766
2.0,1.5,6.3,7.3,1.0,2689.1904006297586
2.0,1.5,6.3,7.3,1.5,2697.034194960997
2.0,1.5,6.3,7.3,2.0,2738.5205358851335
2.0,1.5,6.3,7.3,2.5,2794.2379806531508
2.0,1.5,6.3,7.3,3.0,2885.202112067649
2.0,1.5,6.3,7.3,3.5,3017.300502232749
2.0,1.5,6.8,6.3,1.0,2535.6743698454165
2.0,1.5,6.8,6.3,1.5,2579.50428055262
2.0,1.5,6.8,6.3,2.0,2633.8102197141357
2.0,1.5,6.8,6.3,2.5,2698.532796343177
2.0,1.5,6.8,6.3,3.0,2742.4676577414675
2.0,1.5,6.8,6.3,3.5,2835.564958681639
2.0,1.5,6.8,6.8,1.0,2531.7519313817343
2.0,1.5,6.8,6.8,1.5,2561.765335480362
2.0,1.5,6.8,6.8,2.0,2565.165748098375
2.0,1.5,6.8,6.8,2.5,2616.5317682271016
2.0,1.5,6.8,6.8,3.0,2694.842147570727
2.0,1.5,6.8,6.8,3.5,2818.0022359593277
2.0,1.5,6.8,7.3,1.0,2557.75280118571
2.0,1.5,6.8,7.3,1.5,2569.2102540724895
2.0,1.5,6.8,7.3,2.0,2591.839762534706
2.0,1.5,6.8,7.3,2.5,2630.936048333354
2.0,1.5,6.8,7.3,3.0,2703.8971916422042
2.0,1.5,6.8,7.3,3.5,2804.5642436014505
2.0,1.5,7.3,6.3,1.0,2689.1637982047478
2.0,1.5,7.3,6.3,1.5,2695.2971011579775
2.0,1.5,7.3,6.3,2.0,2735.667301692084
2.0,1.5,7.3,6.3,2.5,2794.074587040119
2.0,1.5,7.3,6.3,3.0,2883.0580278063458
2.0,1.5,7.3,6.3,3.5,3072.0263019516915
2.0,1.5,7.3,6.8,1.0,2557.734130893024
2.0,1.5,7.3,6.8,1.5,2569.1900198186154
2.0,1.5,7.3,6.8,2.0,2591.8217203364065
2.0,1.5,7.3,6.8,2.5,2630.915615592061
2.0,1.5,7.3,6.8,3.0,2703.8785924282374
2.0,1.5,7.3,6.8,3.5,2804.5431275444907
2.0,1.5,7.3,7.3,1.0,2473.589655141666
2.0,1.5,7.3,7.3,1.5,2475.001713372451
2.0,1.5,7.3,7.3,2.0,2476.108931000346
2.0,1.5,7.3,7.3,2.5,2500.6860037904025
2.0,1.5,7.3,7.3,3.0,2567.883043757686
2.0,1.5,7.3,7.3,3.5,2686.360026257351
2.0,2.0,6.3,6.3,1.0,2425.012121013879
2.0,2.0,6.3,6.3,1.5,2473.726915892903
2.0,2.0,6.3,6.3,2.0,2530.594112392913
2.0,2.0,6.3,6.3,2.5,2596.568231299546
2.0,2.0,6.3,6.3,3.0,2621.349573717431
2.0,2.0,6.3,6.3,3.5,2696.5741297163395
2.0,2.0,6.3,6.8,1.0,2495.291098700599
2.0,2.0,6.3,6.8,1.5,2538.651395634709
2.0,2.0,6.3,6.8,2.0,2596.5013650873916
2.0,2.0,6.3,6.8,2.5,2665.799396126112
2.0,2.0,6.3,6.8,3.0,2713.4724817342067
2.0,2.0,6.3,6.8,3.5,2808.5629305380057
2.0,2.0,6.3,7.3,1.0,2656.5457322279517
2.0,2.0,6.3,7.3,1.5,2663.3506063573586
2.0,2.0,6.3,7.3,2.0,2712.766251107216
2.0,2.0,6.3,7.3,2.5,2779.896510464637
2.0,2.0,6.3,7.3,3.0,2875.540755928434
2.0,2.0,6.3,7.3,3.5,3067.6905856801286
2.0,2.0,6.8,6.3,1.0,2495.2537401612753
2.0,2.0,6.8,6.3,1.5,2538.1493222220015
2.0,2.0,6.8,6.3,2.0,2599.48545543222
2.0,2.0,6.8,6.3,2.5,2631.6252128429333
2.0,2.0,6.8,6.3,3.0,2710.2777208116304
2.0,2.0,6.8,6.3,3.5,2808.4837571167645
2.0,2.0,6.8,6.8,1.0,2493.0448653955036
2.0,2.0,6.8,6.8,1.5,2495.940035107932
2.0,2.0,6.8,6.8,2.0,2537.8735333112045
2.0,2.0,6.8,6.8,2.5,2596.6287359274493
2.0,2.0,6.8,6.8,3.0,2680.1788140144745
2.0,2.0,6.8,6.8,3.5,2804.5694750632783
2.0,2.0,6.8,7.3,1.0,2524.615879813506
2.0,2.0,6.8,7.3,1.5,2540.7978938034125
2.0,2.0,6.8,7.3,2.0,2566.6905225060027
2.0,2.0,6.8,7.3,2.5,2622.3074249539723
2.0,2.0,6.8,7.3,3.0,2700.634807601429
2.0,2.0,6.8,7.3,3.5,2835.851717696078
2.0,2.0,7.3,6.3,1.0,2656.446021055258
2.0,2.0,7.3,6.3,1.5,2666.5608517094915
2.0,2.0,7.3,6.3,2.0,2712.619974980656
2.0,2.0,7.3,6.3,2.5,2776.2209063741293
2.0,2.0,7.3,6.3,3.0,2875.412913492012
2.0,2.0,7.3,6.3,3.5,3066.269430149894
2.0,2.0,7.3,6.8,1.0,2524.595071622773
2.0,2.0,7.3,6.8,1.5,2540.7798248979657
2.0,2.0,7.3,6.8,2.0,2566.6695839606336
2.0,2.0,7.3,6.8,2.5,2622.2872972534633
2.0,2.0,7.3,6.8,3.0,2700.6139341653134
2.0,2.0,7.3,6.8,3.5,2835.829720208064
2.0,2.0,7.3,7.3,1.0,2445.134739518092
2.0,2.0,7.3,7.3,1.5,2445.5307316986127
2.0,2.0,7.3,7.3,2.0,2457.6295203091204
2.0,2.0,7.3,7.3,2.5,2492.120563694902
2.0,2.0,7.3,7.3,3.0,2574.447825937788
2.0,2.0,7.3,7.3,3.5,2704.5722703535002
2.0,2.5,6.3,6.3,1.0,2391.7021816461834
2.0,2.5,6.3,6.3,1.5,2441.8593232344365
2.0,2.5,6.3,6.3,2.0,2501.179695663124
2.0,2.5,6.3,6.3,2.5,2568.9272423376287
2.0,2.5,6.3,6.3,3.0,2593.844243227909
2.0,2.5,6.3,6.3,3.5,2665.0953762435397
2.0,2.5,6.3,6.8,1.0,2463.9389369768564
2.0,2.5,6.3,6.8,1.5,2515.9569113920797
2.0,2.5,6.3,6.8,2.0,2578.926736426625
2.0,2.5,6.3,6.8,2.5,2658.4364329265177
2.0,2.5,6.3,6.8,3.0,2694.328708259057
2.0,2.5,6.3,6.8,3.5,2825.2939356820634
2.0,2.5,6.3,7.3,1.0,2634.2707235924618
2.0,2.5,6.3,7.3,1.5,2676.144197840369
2.0,2.5,6.3,7.3,2.0,2736.5778447392163
2.0,2.5,6.3,7.3,2.5,2779.926542082464
2.0,2.5,6.3,7.3,3.0,2935.209836246788
2.0,2.5,6.3,7.3,3.5,3033.19872275717
2.0,2.5,6.8,6.3,1.0,2463.9516347633758
2.0,2.5,6.8,6.3,1.5,2515.9963025718494
2.0,2.5,6.8,6.3,2.0,2579.0357164545767
2.0,2.5,6.8,6.3,2.5,2657.2436238746163
2.0,2.5,6.8,6.3,3.0,2694.271456781263
2.0,2.5,6.8,6.3,3.5,2825.1045337821934
2.0,2.5,6.8,6.8,1.0,2462.167331341893
2.0,2.5,6.8,6.8,1.5,2505.5073608259136
2.0,2.5,6.8,6.8,2.0,2523.7476024406797
2.0,2.5,6.8,6.8,2.5,2591.0410964900007
2.0,2.5,6.8,6.8,3.0,2688.7474475644885
2.0,2.5,6.8,6.8,3.5,2790.5696563259503
2.0,2.5,6.8,7.3,1.0,2527.4329172503894
2.0,2.5,6.8,7.3,1.5,2525.018768565078
2.0,2.5,6.8,7.3,2.0,2563.8460038473513
2.0,2.5,6.8,7.3,2.5,2625.284156367834
2.0,2.5,6.8,7.3,3.0,2722.4545645345165
2.0,2.5,6.8,7.3,3.5,2875.487605966553
2.0,2.5,7.3,6.3,1.0,2633.957507385411
2.0,2.5,7.3,6.3,1.5,2675.857100861981
2.0,2.5,7.3,6.3,2.0,2736.002818688531
2.0,2.5,7.3,6.3,2.5,2779.8290034814145
2.0,2.5,7.3,6.3,3.0,2934.312543006136
2.0,2.5,7.3,6.3,3.5,3033.1023063614307
2.0,2.5,7.3,6.8,1.0,2527.4132778881017
2.0,2.5,7.3,6.8,1.5,2524.9981317743554
2.0,2.5,7.3,6.8,2.0,2563.824676197381
2.0,2.5,7.3,6.8,2.5,2625.263851241704
2.0,2.5,7.3,6.8,3.0,2722.4330238547636
2.0,2.5,7.3,6.8,3.5,2875.4661515288844
2.0,2.5,7.3,7.3,1.0,2435.9796612598375
2.0,2.5,7.3,7.3,1.5,2443.5930100745077
2.0,2.5,7.3,7.3,2.0,2456.1705505530535
2.0,2.5,7.3,7.3,2.5,2516.539940004755
2.0,2.5,7.3,7.3,3.0,2588.626940935407
2.0,2.5,7.3,7.3,3.5,2757.543408880095
2.0,3.0,6.3,6.3,1.0,2368.452298296907
2.0,3.0,6.3,6.3,1.5,2419.209769935921
2.0,3.0,6.3,6.3,2.0,2479.6595671975583
2.0,3.0,6.3,6.3,2.5,2547.8590501395097
2.0,3.0,6.3,6.3,3.0,2619.276072903332
2.0,3.0,6.3,6.3,3.5,2640.464456709894
2.0,3.0,6.3,6.8,1.0,2440.4166359710775
2.0,3.0,6.3,6.8,1.5,2497.3367820694134
2.0,3.0,6.3,6.8,2.0,2565.275750170033
2.0,3.0,6.3,6.8,2.5,2596.7589601983273
2.0,3.0,6.3,6.8,3.0,2711.8144644958275
2.0,3.0,6.3,6.8,3.5,2764.2533261850353
2.0,3.0,6.3,7.3,1.0,2615.426755741974
2.0,3.0,6.3,7.3,1.5,2669.2594244364695
2.0,3.0,6.3,7.3,2.0,2705.642914920951
2.0,3.0,6.3,7.3,2.5,2835.3145036096853
2.0,3.0,6.3,7.3,3.0,2972.838380693427
2.0,3.0,6.3,7.3,3.5,3046.339385446585
2.0,3.0,6.8,6.3,1.0,2440.4464175593757
2.0,3.0,6.8,6.3,1.5,2497.313292381484
2.0,3.0,6.8,6.3,2.0,2521.4337079930287
2.0,3.0,6.8,6.3,2.5,2596.6103124726314
2.0,3.0,6.8,6.3,3.0,2711.7298698410286
2.0,3.0,6.8,6.3,3.5,2764.2812036706473
2.0,3.0,6.8,6.8,1.0,2449.7576592203022
2.0,3.0,6.8,6.8,1.5,2491.03241093479
2.0,3.0,6.8,6.8,2.0,2554.176593892551
2.0,3.0,6.8,6.8,2.5,2599.0739381112803
2.0,3.0,6.8,6.8,3.0,2685.125575639079
2.0,3.0,6.8,6.8,3.5,2816.6685711752216
2.0,3.0,6.8,7.3,1.0,2486.482616650772
2.0,3.0,6.8,7.3,1.5,2523.2977876304253
2.0,3.0,6.8,7.3,2.0,2573.31074748122
2.0,3.0,6.8,7.3,2.5,2649.118674122765
2.0,3.0,6.8,7.3,3.0,2770.3282859835035
2.0,3.0,6.8,7.3,3.5,2933.194196004631
2.0,3.0,7.3,6.3,1.0,2615.3252625417435
2.0,3.0,7.3,6.3,1.5,2669.2216857297954
2.0,3.0,7.3,6.3,2.0,2739.8782276676316
2.0,3.0,7.3,6.3,2.5,2834.1889077217866
2.0,3.0,7.3,6.3,3.0,2972.662104836389
2.0,3.0,7.3,6.3,3.5,3046.3340972070355
2.0,3.0,7.3,6.8,1.0,2486.460840816101
2.0,3.0,7.3,6.8,1.5,2523.275159792245
2.0,3.0,7.3,6.8,2.0,2573.288344888713
2.0,3.0,7.3,6.8,2.5,2649.0960162325814
2.0,3.0,7.3,6.8,3.0,2770.3049712944576
2.0,3.0,7.3,6.8,3.5,2933.168848611356
2.0,3.0,7.3,7.3,1.0,2425.9117769472823
2.0,3.0,7.3,7.3,1.5,2444.197993538899
2.0,3.0,7.3,7.3,2.0,2481.5914973156137
2.0,3.0,7.3,7.3,2.5,2546.3325377766496
2.0,3.0,7.3,7.3,3.0,2661.603957232465
2.0,3.0,7.3,7.3,3.5,2854.362198203864
2.0,3.5,6.3,6.3,1.0,2354.959411367188
2.0,3.5,6.3,6.3,1.5,2406.065786827963
2.0,3.5,6.3,6.3,2.0,2466.8371137777985
2.0,3.5,6.3,6.3,2.5,2533.7843564599093
2.0,3.5,6.3,6.3,3.0,2600.9309384309836
2.0,3.5,6.3,6.3,3.5,2658.331435512225
2.0,3.5,6.3,6.8,1.0,2424.7524563934417
2.0,3.5,6.3,6.8,1.5,2484.989167198188
2.0,3.5,6.3,6.8,2.0,2556.3497609195165
2.0,3.5,6.3,6.8,2.5,2636.437943613598
2.0,3.5,6.3,6.8,3.0,2666.60290589969
2.0,3.5,6.3,6.8,3.5,2730.1126210424018
2.0,3.5,6.3,7.3,1.0,2604.6293722317196
2.0,3.5,6.3,7.3,1.5,2668.551692616955
2.0,3.5,6.3,7.3,2.0,2750.114604828777
2.0,3.5,6.3,7.3,2.5,2816.999351404278
2.0,3.5,6.3,7.3,3.0,2930.201253422184
2.0,3.5,6.3,7.3,3.5,3087.76213521055
2.0,3.5,6.8,6.3,1.0,2424.7308146099767
2.0,3.5,6.8,6.3,1.5,2484.9670083879455
2.0,3.5,6.8,6.3,2.0,2556.4233119942764
2.0,3.5,6.8,6.3,2.5,2636.401272326633
2.0,3.5,6.8,6.3,3.0,2666.5951963981797
2.0,3.5,6.8,6.3,3.5,2730.116235012214
2.0,3.5,6.8,6.8,1.0,2442.2234283688767
2.0,3.5,6.8,6.8,1.5,2498.6502422821336
2.0,3.5,6.8,6.8,2.0,2523.7101715609424
2.0,3.5,6.8,6.8,2.5,2609.1940629008895
2.0,3.5,6.8,6.8,3.0,2744.5349451367606
2.0,3.5,6.8,6.8,3.5,2788.130926483144
2.0,3.5,6.8,7.3,1.0,2486.2564100814193
2.0,3.5,6.8,7.3,1.5,2529.6797847746143
2.0,3.5,6.8,7.3,2.0,2595.8735010453524
2.0,3.5,6.8,7.3,2.5,2673.70720779344
2.0,3.5,6.8,7.3,3.0,2827.607642667444
2.0,3.5,6.8,7.3,3.5,2987.1144496282095
2.0,3.5,7.3,6.3,1.0,2604.6105836914526
2.0,3.5,7.3,6.3,1.5,2675.506069748246
2.0,3.5,7.3,6.3,2.0,2763.2145206723444
2.0,3.5,7.3,6.3,2.5,2816.931206862279
2.0,3.5,7.3,6.3,3.0,2930.171800622218
2.0,3.5,7.3,6.3,3.5,3087.7515106778246
2.0,3.5,7.3,6.8,1.0,2486.2318106714447
2.0,3.5,7.3,6.8,1.5,2529.654730591802
2.0,3.5,7.3,6.8,2.0,2595.8509676010726
2.0,3.5,7.3,6.8,2.5,2673.681201331254
2.0,3.5,7.3,6.8,3.0,2827.5841069687203
2.0,3.5,7.3,6.8,3.5,2987.0905435433006
2.0,3.5,7.3,7.3,1.0,2430.4728746488613
2.0,3.5,7.3,7.3,1.5,2458.5605688940295
2.0,3.5,7.3,7.3,2.0,2512.4585998857156
2.0,3.5,7.3,7.3,2.5,2601.5306682857313
2.0,3.5,7.3,7.3,3.0,2755.605932524599
2.0,3.5,7.3,7.3,3.5,2943.2996412018165
2.1,1.5,6.3,6.3,1.5,2541.0666936196894
2.2,1.5,6.3,6.3,1.5,2551.301519425038
2.3,1.5,6.3,6.3,1.5,2571.6798583841037
2.4,1.5,6.3,6.3,1.5,2602.0759028413922
2.5,1.0,6.3,6.3,1.0,2617.2450728608246
2.5,1.0,6.3,6.3,1.5,2627.3400134109397
2.5,1.0,6.3,6.3,2.0,2719.510021452565
2.5,1.0,6.3,6.3,2.5,2778.078216165522
2.5,1.0,6.3,6.3,3.0,2841.381434779129
2.5,1.0,6.3,6.3,3.5,2904.26948731461
2.5,1.0,6.3,6.8,1.0,2703.2978497580652
2.5,1.0,6.3,6.8,1.5,2750.1030588584026
2.5,1.0,6.3,6.8,2.0,2806.931962604735
2.5,1.0,6.3,6.8,2.5,2875.04282810643
2.5,1.0,6.3,6.8,3.0,2900.9836240507866
2.5,1.0,6.3,6.8,3.5,3025.704458612675
2.5,1.0,6.3,7.3,1.0,2898.1544946446747
2.5,1.0,6.3,7.3,1.5,2949.98121816904
2.5,1.0,6.3,7.3,2.0,3009.0762002537303
2.5,1.0,6.3,7.3,2.5,3088.19163244178
2.5,1.0,6.3,7.3,3.0,3150.663908256037
2.5,1.0,6.3,7.3,3.5,3319.144429070163
2.5,1.0,6.8,6.3,1.0,2703.273736309221
2.5,1.0,6.8,6.3,1.5,2750.060200934895
2.5,1.0,6.8,6.3,2.0,2806.872354281504
2.5,1.0,6.8,6.3,2.5,2875.0255458723896
2.5,1.0,6.8,6.3,3.0,2900.92479358855
2.5,1.0,6.8,6.3,3.5,3025.6558298999744
2.5,1.0,6.8,6.8,1.0,2711.580693941958
2.5,1.0,6.8,6.8,1.5,2751.5802155031784
2.5,1.0,6.8,6.8,2.0,2759.494706906773
2.5,1.0,6.8,6.8,2.5,2823.134764622407
2.5,1.0,6.8,6.8,3.0,2885.5512940278945
2.5,1.0,6.8,6.8,3.5,3005.654486299438
2.5,1.0,6.8,7.3,1.0,2781.8766317414247
2.5,1.0,6.8,7.3,1.5,2814.193404024815
2.5,1.0,6.8,7.3,2.0,2857.497090941005
2.5,1.0,6.8,7.3,2.5,2880.5714915586186
2.5,1.0,6.8,7.3,3.0,2987.659525939661
2.5,1.0,6.8,7.3,3.5,3117.4791000541245
2.5,1.0,7.3,6.3,1.0,2898.1019240652413
2.5,1.0,7.3,6.3,1.5,2949.925530199218
2.5,1.0,7.3,6.3,2.0,3009.010280600358
2.5,1.0,7.3,6.3,2.5,3088.1036802398003
2.5,1.0,7.3,6.3,3.0,3150.5817638107637
2.5,1.0,7.3,6.3,3.5,3319.068278599154
2.5,1.0,7.3,6.8,1.0,2781.8213915777283
2.5,1.0,7.3,6.8,1.5,2814.1651048704284
2.5,1.0,7.3,6.8,2.0,2857.410057878513
2.5,1.0,7.3,6.8,2.5,2880.5070595960515
2.5,1.0,7.3,6.8,3.0,2987.632988946277
2.5,1.0,7.3,6.8,3.5,3117.4204235703155
2.5,1.0,7.3,7.3,1.0,2686.286026066875
2.5,1.0,7.3,7.3,1.5,2697.1506761019564
2.5,1.0,7.3,7.3,2.0,2721.964367415533
2.5,1.0,7.3,7.3,2.5,2772.304257493642
2.5,1.0,7.3,7.3,3.0,2849.875404454266
2.5,1.0,7.3,7.3,3.5,3001.2583947154985
2.5,1.5,6.3,6.3,1.0,2563.3877737018975
2.5,1.5,6.3,6.3,1.5,2578.677100587082
2.5,1.5,6.3,6.3,2.0,2670.853633018038
2.5,1.5,6.3,6.3,2.5,2728.7725050287154
2.5,1.5,6.3,6.3,3.0,2792.1087726945716
2.5,1.5,6.3,6.3,3.5,2856.196519668167
2.5,1.5,6.3,6.8,1.0,2651.544678660543
2.5,1.5,6.3,6.8,1.5,2700.13911971212
2.5,1.5,6.3,6.8,2.0,2757.1907967087277
2.5,1.5,6.3,6.8,2.5,2825.223878888449
2.5,1.5,6.3,6.8,3.0,2851.026336865473
2.5,1.5,6.3,6.8,3.5,2987.9539840629086
2.5,1.5,6.3,7.3,1.0,2846.5311499202753
2.5,1.5,6.3,7.3,1.5,2872.561243334183
2.5,1.5,6.3,7.3,2.0,2959.7308629406702
2.5,1.5,6.3,7.3,2.5,3036.3579214745546
2.5,1.5,6.3,7.3,3.0,3138.4321605884506
2.5,1.5,6.3,7.3,3.5,3263.789835106133
2.5,1.5,6.8,6.3,1.0,2651.5753443239546
2.5,1.5,6.8,6.3,1.5,2700.1038304840504
2.5,1.5,6.8,6.3,2.0,2757.1604901372
2.5,1.5,6.8,6.3,2.5,2825.202397012336
2.5,1.5,6.8,6.3,3.0,2850.9658604842452
2.5,1.5,6.8,6.3,3.5,2987.9356515320114
2.5,1.5,6.8,6.8,1.0,2660.623225351179
2.5,1.5,6.8,6.8,1.5,2703.773059245751
2.5,1.5,6.8,6.8,2.0,2751.464053866936
2.5,1.5,6.8,6.8,2.5,2776.184071100958
2.5,1.5,6.8,6.8,3.0,2855.416998011956
2.5,1.5,6.8,6.8,3.5,2956.291445404971
2.5,1.5,6.8,7.3,1.0,2734.2970536173852
2.5,1.5,6.8,7.3,1.5,2770.6277394788694
2.5,1.5,6.8,7.3,2.0,2814.720435637046
2.5,1.5,6.8,7.3,2.5,2836.1385926184994
2.5,1.5,6.8,7.3,3.0,2940.7322695374296
2.5,1.5,6.8,7.3,3.5,3066.8259015708577
2.5,1.5,7.3,6.3,1.0,2846.4877311284017
2.5,1.5,7.3,6.3,1.5,2872.495919116476
2.5,1.5,7.3,6.3,2.0,2959.6395340859335
2.5,1.5,7.3,6.3,2.5,3036.2491384573564
2.5,1.5,7.3,6.3,3.0,3138.343279713965
2.5,1.5,7.3,6.3,3.5,3263.7008153104075
2.5,1.5,7.3,6.8,1.0,2734.2401644215506
2.5,1.5,7.3,6.8,1.5,2774.086536982787
2.5,1.5,7.3,6.8,2.0,2814.670162342096
2.5,1.5,7.3,6.8,2.5,2836.090586255568
2.5,1.5,7.3,6.8,3.0,2940.6837394782474
2.5,1.5,7.3,6.8,3.5,3066.802494694858
2.5,1.5,7.3,7.3,1.0,2678.3485871052917
2.5,1.5,7.3,7.3,1.5,2659.3513902896584
2.5,1.5,7.3,7.3,2.0,2685.108342138543
2.5,1.5,7.3,7.3,2.5,2732.901382695204
2.5,1.5,7.3,7.3,3.0,2817.089238221782
2.5,1.5,7.3,7.3,3.5,2955.3868467160282
2.5,2.0,6.3,6.3,1.0,2502.5514434153465
2.5,2.0,6.3,6.3,1.5,2541.9761230746067
2.5,2.0,6.3,6.3,2.0,2589.7952028809677
2.5,2.0,6.3,6.3,2.5,2645.042624844422
2.5,2.0,6.3,6.3,3.0,2755.1313390514565
2.5,2.0,6.3,6.3,3.5,2816.9710333484054
2.5,2.0,6.3,6.8,1.0,2611.0422113626655
2.5,2.0,6.3,6.8,1.5,2661.482725237115
2.5,2.0,6.3,6.8,2.0,2720.369588450786
2.5,2.0,6.3,6.8,2.5,2789.247015756202
2.5,2.0,6.3,6.8,3.0,2867.0307234156917
2.5,2.0,6.3,6.8,3.5,2945.313244412997
2.5,2.0,6.3,7.3,1.0,2808.7449776343055
2.5,2.0,6.3,7.3,1.5,2834.536249206166
2.5,2.0,6.3,7.3,2.0,2896.3712896117463
2.5,2.0,6.3,7.3,2.5,2973.55920417272
2.5,2.0,6.3,7.3,3.0,3112.068869888193
2.5,2.0,6.3,7.3,3.5,3231.495181696824
2.5,2.0,6.8,6.3,1.0,2610.995373525005
2.5,2.0,6.8,6.3,1.5,2661.4687204931997
2.5,2.0,6.8,6.3,2.0,2720.318347899335
2.5,2.0,6.8,6.3,2.5,2789.180135185773
2.5,2.0,6.8,6.3,3.0,2866.986972555671
2.5,2.0,6.8,6.3,3.5,2945.307322224131
2.5,2.0,6.8,6.8,1.0,2623.5017706902995
2.5,2.0,6.8,6.8,1.5,2665.9460416395696
2.5,2.0,6.8,6.8,2.0,2725.857553180401
2.5,2.0,6.8,6.8,2.5,2798.5023076648736
2.5,2.0,6.8,6.8,3.0,2828.263983186778
2.5,2.0,6.8,6.8,3.5,2928.9748887664337
2.5,2.0,6.8,7.3,1.0,2703.2066579973407
2.5,2.0,6.8,7.3,1.5,2745.9204449855724
2.5,2.0,6.8,7.3,2.0,2793.8125285825245
2.5,2.0,6.8,7.3,2.5,2865.7797261517485
2.5,2.0,6.8,7.3,3.0,2966.347237334125
2.5,2.0,6.8,7.3,3.5,3042.089269694643
2.5,2.0,7.3,6.3,1.0,2808.683672203809
2.5,2.0,7.3,6.3,1.5,2834.423482521312
2.5,2.0,7.3,6.3,2.0,2896.287692923443
2.5,2.0,7.3,6.3,2.5,2973.4521326678605
2.5,2.0,7.3,6.3,3.0,3111.977069231074
2.5,2.0,7.3,6.3,3.5,3231.4136722217254
2.5,2.0,7.3,6.8,1.0,2703.199608618731
2.5,2.0,7.3,6.8,1.5,2745.8102644451665
2.5,2.0,7.3,6.8,2.0,2793.689069038117
2.5,2.0,7.3,6.8,2.5,2865.74181761564
2.5,2.0,7.3,6.8,3.0,2966.309976596324
2.5,2.0,7.3,6.8,3.5,3042.0558407275134
2.5,2.0,7.3,7.3,1.0,2615.185069117529
2.5,2.0,7.3,7.3,1.5,2636.0757933893065
2.5,2.0,7.3,7.3,2.0,2666.118469651651
2.5,2.0,7.3,7.3,2.5,2721.7590146376197
2.5,2.0,7.3,7.3,3.0,2812.303448158233
2.5,2.0,7.3,7.3,3.5,2954.626784827576
2.5,2.5,6.3,6.3,1.0,2518.1290109972438
2.5,2.5,6.3,6.3,1.5,2557.4176897076654
2.5,2.5,6.3,6.3,2.0,2607.706432673796
2.5,2.5,6.3,6.3,2.5,2665.173118706896
2.5,2.5,6.3,6.3,3.0,2726.871387209536
2.5,2.5,6.3,6.3,3.5,2786.122090178277
2.5,2.5,6.3,6.8,1.0,2563.369797766044
2.5,2.5,6.3,6.8,1.5,2631.148126486465
2.5,2.5,6.3,6.8,2.0,2692.033631360269
2.5,2.5,6.3,6.8,2.5,2761.466046684459
2.5,2.5,6.3,6.8,3.0,2836.3982820022634
2.5,2.5,6.3,6.8,3.5,2905.3978082067833
2.5,2.5,6.3,7.3,1.0,2780.307336976818
2.5,2.5,6.3,7.3,1.5,2834.908278658886
2.5,2.5,6.3,7.3,2.0,2904.9559295719046
2.5,2.5,6.3,7.3,2.5,2992.8256788622184
2.5,2.5,6.3,7.3,3.0,3097.1873522377646
2.5,2.5,6.3,7.3,3.5,3200.326957433427
2.5,2.5,6.8,6.3,1.0,2580.166523859391
2.5,2.5,6.8,6.3,1.5,2631.1253223197964
2.5,2.5,6.8,6.3,2.0,2691.9912057125075
2.5,2.5,6.8,6.3,2.5,2761.465657338501
2.5,2.5,6.8,6.3,3.0,2836.3403785244536
2.5,2.5,6.8,6.3,3.5,2905.365122314992
2.5,2.5,6.8,6.8,1.0,2595.919326018852
2.5,2.5,6.8,6.8,1.5,2600.2962486711644
2.5,2.5,6.8,6.8,2.0,2704.2561429965417
2.5,2.5,6.8,6.8,2.5,2727.3658462382045
2.5,2.5,6.8,6.8,3.0,2814.6789443443
2.5,2.5,6.8,6.8,3.5,2907.572157672593
2.5,2.5,6.8,7.3,1.0,2683.6019413646113
2.5,2.5,6.8,7.3,1.5,2694.4402096620615
2.5,2.5,6.8,7.3,2.0,2784.056704598191
2.5,2.5,6.8,7.3,2.5,2822.6037190723573
2.5,2.5,6.8,7.3,3.0,2919.210805062875
2.5,2.5,6.8,7.3,3.5,3049.986970263427
2.5,2.5,7.3,6.3,1.0,2780.2792130262033
2.5,2.5,7.3,6.3,1.5,2834.903267323694
2.5,2.5,7.3,6.3,2.0,2904.878271326846
2.5,2.5,7.3,6.3,2.5,2992.723205956058
2.5,2.5,7.3,6.3,3.0,3097.141423949961
2.5,2.5,7.3,6.3,3.5,3200.2584001930504
2.5,2.5,7.3,6.8,1.0,2683.636555800579
2.5,2.5,7.3,6.8,1.5,2694.383461360556
2.5,2.5,7.3,6.8,2.0,2784.0203217243343
2.5,2.5,7.3,6.8,2.5,2822.5480952966677
2.5,2.5,7.3,6.8,3.0,2919.208783030946
2.5,2.5,7.3,6.8,3.5,3049.971709128292
2.5,2.5,7.3,7.3,1.0,2596.7381123682767
2.5,2.5,7.3,7.3,1.5,2617.3190177594843
2.5,2.5,7.3,7.3,2.0,2657.700773625333
2.5,2.5,7.3,7.3,2.5,2725.5735472543915
2.5,2.5,7.3,7.3,3.0,2850.0408668336313
2.5,2.5,7.3,7.3,3.5,3011.717241005042
2.5,3.0,6.3,6.3,1.0,2499.0291546411227
2.5,3.0,6.3,6.3,1.5,2539.4103680609983
2.5,3.0,6.3,6.3,2.0,2589.629407335766
2.5,3.0,6.3,6.3,2.5,2647.249919448247
2.5,3.0,6.3,6.3,3.0,2707.7954469924557
2.5,3.0,6.3,6.3,3.5,2765.0411460482483
2.5,3.0,6.3,6.8,1.0,2517.0277162924194
2.5,3.0,6.3,6.8,1.5,2608.991059781349
2.5,3.0,6.3,6.8,2.0,2670.178707496146
2.5,3.0,6.3,6.8,2.5,2739.7555132882535
2.5,3.0,6.3,6.8,3.0,2809.7294010568426
2.5,3.0,6.3,6.8,3.5,2869.2298622707726
2.5,3.0,6.3,7.3,1.0,2759.1652251559817
2.5,3.0,6.3,7.3,1.5,2818.9086246023617
2.5,3.0,6.3,7.3,2.0,2893.985783304737
2.5,3.0,6.3,7.3,2.5,2983.5509973649732
2.5,3.0,6.3,7.3,3.0,3078.1332500487256
2.5,3.0,6.3,7.3,3.5,3148.1267891113594
2.5,3.0,6.8,6.3,1.0,2517.0252124382937
2.5,3.0,6.8,6.3,1.5,2608.949839205906
2.5,3.0,6.8,6.3,2.0,2670.129777129581
2.5,3.0,6.8,6.3,2.5,2739.739367435871
2.5,3.0,6.8,6.3,3.0,2809.7165310387586
2.5,3.0,6.8,6.3,3.5,2869.213088858609
2.5,3.0,6.8,6.8,1.0,2576.540535713832
2.5,3.0,6.8,6.8,1.5,2627.9461389877765
2.5,3.0,6.8,6.8,2.0,2644.986130943609
2.5,3.0,6.8,6.8,2.5,2753.4175855765343
2.5,3.0,6.8,6.8,3.0,2802.900006108058
2.5,3.0,6.8,6.8,3.5,2885.018263930436
2.5,3.0,6.8,7.3,1.0,2678.1184686067722
2.5,3.0,6.8,7.3,1.5,2718.219363322511
2.5,3.0,6.8,7.3,2.0,2746.0333270446213
2.5,3.0,6.8,7.3,2.5,2826.3713378031157
2.5,3.0,6.8,7.3,3.0,2934.7667986369406
2.5,3.0,6.8,7.3,3.5,3042.1232137903853
2.5,3.0,7.3,6.3,1.0,2759.1926866321855
2.5,3.0,7.3,6.3,1.5,2818.8574532060657
2.5,3.0,7.3,6.3,2.0,2893.9027602411434
2.5,3.0,7.3,6.3,2.5,2983.4724838556485
2.5,3.0,7.3,6.3,3.0,3078.0613630385405
2.5,3.0,7.3,6.3,3.5,3148.0698128035974
2.5,3.0,7.3,6.8,1.0,2677.9415755458167
2.5,3.0,7.3,6.8,1.5,2718.182272694506
2.5,3.0,7.3,6.8,2.0,2745.992448753878
2.5,3.0,7.3,6.8,2.5,2826.3294437821805
2.5,3.0,7.3,6.8,3.0,2934.737744135803
2.5,3.0,7.3,6.8,3.5,3042.0611247158845
2.5,3.0,7.3,7.3,1.0,2628.352438804256
2.5,3.0,7.3,7.3,1.5,2618.1479539279208
2.5,3.0,7.3,7.3,2.0,2673.8873539222823
2.5,3.0,7.3,7.3,2.5,2764.7300770466354
2.5,3.0,7.3,7.3,3.0,2892.008784434661
2.5,3.0,7.3,7.3,3.5,3012.0549575799023
2.5,3.5,6.3,6.3,1.0,2491.4699715832858
2.5,3.5,6.3,6.3,1.5,2531.5777223492205
2.5,3.5,6.3,6.3,2.0,2582.3177992176234
2.5,3.5,6.3,6.3,2.5,2640.0094183914016
2.5,3.5,6.3,6.3,3.0,2699.96116555593
2.5,3.5,6.3,6.3,3.5,2729.426824453494
2.5,3.5,6.3,6.8,1.0,2546.054263240163
2.5,3.5,6.3,6.8,1.5,2596.939071017776
2.5,3.5,6.3,6.8,2.0,2657.673712255721
2.5,3.5,6.3,6.8,2.5,2723.6254785248157
2.5,3.5,6.3,6.8,3.0,2787.4833352076494
2.5,3.5,6.3,6.8,3.5,2837.045963757742
2.5,3.5,6.3,7.3,1.0,2742.8042241613484
2.5,3.5,6.3,7.3,1.5,2807.117458456565
2.5,3.5,6.3,7.3,2.0,2884.3191898039167
2.5,3.5,6.3,7.3,2.5,2967.773518930512
2.5,3.5,6.3,7.3,3.0,3040.7783933520222
2.5,3.5,6.3,7.3,3.5,3035.395204178799
2.5,3.5,6.8,6.3,1.0,2546.044002324711
2.5,3.5,6.8,6.3,1.5,2596.9368514372936
2.5,3.5,6.8,6.3,2.0,2657.6493523837416
2.5,3.5,6.8,6.3,2.5,2723.6188659360387
2.5,3.5,6.8,6.3,3.0,2787.461887963508
2.5,3.5,6.8,6.3,3.5,2837.0501681347832
2.5,3.5,6.8,6.8,1.0,2564.9890640859076
2.5,3.5,6.8,6.8,1.5,2619.910579760551
2.5,3.5,6.8,6.8,2.0,2688.2410066774414
2.5,3.5,6.8,6.8,2.5,2740.9858852445686
2.5,3.5,6.8,6.8,3.0,2791.4718188519537
2.5,3.5,6.8,6.8,3.5,2857.414134937904
2.5,3.5,6.8,7.3,1.0,2670.989524920211
2.5,3.5,6.8,7.3,1.5,2725.3455813256883
2.5,3.5,6.8,7.3,2.0,2804.267038499719
2.5,3.5,6.8,7.3,2.5,2842.2359219033488
2.5,3.5,6.8,7.3,3.0,2935.496660429914
2.5,3.5,6.8,7.3,3.5,3079.645580485937
2.5,3.5,7.3,6.3,1.0,2742.7355333233786
2.5,3.5,7.3,6.3,1.5,2807.050389160355
2.5,3.5,7.3,6.3,2.0,2884.2621694588643
2.5,3.5,7.3,6.3,2.5,2967.7257008261167
2.5,3.5,7.3,6.3,3.0,3040.7460784710056
2.5,3.5,7.3,6.3,3.5,3035.3682814216836
2.5,3.5,7.3,6.8,1.0,2670.933145552475
2.5,3.5,7.3,6.8,1.5,2725.299520853385
2.5,3.5,7.3,6.8,2.0,2804.2360375494027
2.5,3.5,7.3,6.8,2.5,2842.189451802623
2.5,3.5,7.3,6.8,3.0,2935.4604045100014
2.5,3.5,7.3,6.8,3.5,3079.5898840537
2.5,3.5,7.3,7.3,1.0,2630.8304302271504
2.5,3.5,7.3,7.3,1.5,2675.227203162702
2.5,3.5,7.3,7.3,2.0,2701.436937206316
2.5,3.5,7.3,7.3,2.5,2807.0014282283214
2.5,3.5,7.3,7.3,3.0,2906.9445111274395
2.5,3.5,7.3,7.3,3.5,3083.104122968813
2.6,1.5,6.3,6.3,1.5,2579.38299258436
2.7,1.5,6.3,6.3,1.5,2594.884536969926
2.8,1.5,6.3,6.3,1.5,2610.7344775294605
2.9,1.5,6.3,6.3,1.5,2650.913237998404
3.0,1.0,6.3,6.3,1.0,2656.6736850250754
3.0,1.0,6.3,6.3,1.5,2686.8545079617647
3.0,1.0,6.3,6.3,2.0,2756.1303872954973
3.0,1.0,6.3,6.3,2.5,2776.1620927783624
3.0,1.0,6.3,6.3,3.0,2829.748554783885
3.0,1.0,6.3,6.3,3.5,2884.8314229636208
3.0,1.0,6.3,6.8,1.0,2749.060432299507
3.0,1.0,6.3,6.8,1.5,2798.50834823909
3.0,1.0,6.3,6.8,2.0,2850.549209249294
3.0,1.0,6.3,6.8,2.5,2911.7563407313273
3.0,1.0,6.3,6.8,3.0,2979.4452925130004
3.0,1.0,6.3,6.8,3.5,3046.334825210094
3.0,1.0,6.3,7.3,1.0,2968.057326723313
3.0,1.0,6.3,7.3,1.5,3018.419776549495
3.0,1.0,6.3,7.3,2.0,3080.7687786519527
3.0,1.0,6.3,7.3,2.5,3155.5781342728837
3.0,1.0,6.3,7.3,3.0,3204.473491114622
3.0,1.0,6.3,7.3,3.5,3328.9575617479895
3.0,1.0,6.8,6.3,1.0,2749.0383976360254
3.0,1.0,6.8,6.3,1.5,2798.4833185766765
3.0,1.0,6.8,6.3,2.0,2850.5217732858287
3.0,1.0,6.8,6.3,2.5,2911.7306780696235
3.0,1.0,6.8,6.3,3.0,2979.4191791933995
3.0,1.0,6.8,6.3,3.5,3046.312007358353
3.0,1.0,6.8,6.8,1.0,2764.346275606432
3.0,1.0,6.8,6.8,1.5,2803.8810913666566
3.0,1.0,6.8,6.8,2.0,2821.317096634282
3.0,1.0,6.8,6.8,2.5,2926.8723413669227
3.0,1.0,6.8,6.8,3.0,3011.1056366140656
3.0,1.0,6.8,6.8,3.5,3044.0661741604526
3.0,1.0,6.8,7.3,1.0,2866.13560643992
3.0,1.0,6.8,7.3,1.5,2899.7774307999107
3.0,1.0,6.8,7.3,2.0,2952.2004301901034
3.0,1.0,6.8,7.3,2.5,3026.3209293808013
3.0,1.0,6.8,7.3,3.0,3122.46790875485
3.0,1.0,6.8,7.3,3.5,3196.316149019229
3.0,1.0,7.3,6.3,1.0,2967.9729297363097
3.0,1.0,7.3,6.3,1.5,3018.353803707605
3.0,1.0,7.3,6.3,2.0,3080.7194657703553
3.0,1.0,7.3,6.3,2.5,3155.449115084368
3.0,1.0,7.3,6.3,3.0,3242.1727611170472
3.0,1.0,7.3,6.3,3.5,3328.8864119925715
3.0,1.0,7.3,6.8,1.0,2866.0732116336853
3.0,1.0,7.3,6.8,1.5,2899.760914204524
3.0,1.0,7.3,6.8,2.0,2952.1900432132584
3.0,1.0,7.3,6.8,2.5,3026.2135743899344
3.0,1.0,7.3,6.8,3.0,3122.280147003771
3.0,1.0,7.3,6.8,3.5,3196.2769360770935
3.0,1.0,7.3,7.3,1.0,2805.8762752626444
3.0,1.0,7.3,7.3,1.5,2826.4105848618524
3.0,1.0,7.3,7.3,2.0,2836.4560668721915
3.0,1.0,7.3,7.3,2.5,2900.327628948317
3.0,1.0,7.3,7.3,3.0,2996.6927488834694
3.0,1.0,7.3,7.3,3.5,3139.889361304704
3.0,1.5,6.3,6.3,1.0,2612.910511489459
3.0,1.5,6.3,6.3,1.5,2644.3738433884073
3.0,1.5,6.3,6.3,2.0,2685.016737822662
3.0,1.5,6.3,6.3,2.5,2733.541586329969
3.0,1.5,6.3,6.3,3.0,2813.0961652869983
3.0,1.5,6.3,6.3,3.5,2891.0503119806112
3.0,1.5,6.3,6.8,1.0,2699.6520426223587
3.0,1.5,6.3,6.8,1.5,2753.0816875171217
3.0,1.5,6.3,6.8,2.0,2804.7471573154835
3.0,1.5,6.3,6.8,2.5,2865.5035101075573
3.0,1.5,6.3,6.8,3.0,2932.7435834724456
3.0,1.5,6.3,6.8,3.5,2999.4034723256873
3.0,1.5,6.3,7.3,1.0,2916.992874903269
3.0,1.5,6.3,7.3,1.5,2968.255436662996
3.0,1.5,6.3,7.3,2.0,3030.272835589035
3.0,1.5,6.3,7.3,2.5,3103.3868998596636
3.0,1.5,6.3,7.3,3.0,3189.537030478867
3.0,1.5,6.3,7.3,3.5,3273.9943969971955
3.0,1.5,6.8,6.3,1.0,2699.629746738605
3.0,1.5,6.8,6.3,1.5,2753.055820961339
3.0,1.5,6.8,6.3,2.0,2804.7188133717154
3.0,1.5,6.8,6.3,2.5,2865.477914346105
3.0,1.5,6.8,6.3,3.0,2932.7185061699374
3.0,1.5,6.8,6.3,3.5,2999.38038308056
3.0,1.5,6.8,6.8,1.0,2719.009040902349
3.0,1.5,6.8,6.8,1.5,2759.5264003808015
3.0,1.5,6.8,6.8,2.0,2813.1062730136446
3.0,1.5,6.8,6.8,2.5,2880.639444788462
3.0,1.5,6.8,6.8,3.0,2962.9464184850617
3.0,1.5,6.8,6.8,3.5,2996.260224543116
3.0,1.5,6.8,7.3,1.0,2820.4750595833693
3.0,1.5,6.8,7.3,1.5,2856.216326245409
3.0,1.5,6.8,7.3,2.0,2908.2706146342207
3.0,1.5,6.8,7.3,2.5,2979.603263140477
3.0,1.5,6.8,7.3,3.0,3074.387732894851
3.0,1.5,6.8,7.3,3.5,3144.651570013652
3.0,1.5,7.3,6.3,1.0,2916.9317558104685
3.0,1.5,7.3,6.3,1.5,2968.200607910826
3.0,1.5,7.3,6.3,2.0,3030.161345792688
3.0,1.5,7.3,6.3,2.5,3072.0612320829755
3.0,1.5,7.3,6.3,3.0,3189.46375174612
3.0,1.5,7.3,6.3,3.5,3273.932907049426
3.0,1.5,7.3,6.8,1.0,2820.432424310814
3.0,1.5,7.3,6.8,1.5,2856.24740872778
3.0,1.5,7.3,6.8,2.0,2908.1719070280665
3.0,1.5,7.3,6.8,2.5,2979.4531851077027
3.0,1.5,7.3,6.8,3.0,3074.30926111786
3.0,1.5,7.3,6.8,3.5,3144.623570002647
3.0,1.5,7.3,7.3,1.0,2765.195508799948
3.0,1.5,7.3,7.3,1.5,2759.3014724747404
3.0,1.5,7.3,7.3,2.0,2797.93929702989
3.0,1.5,7.3,7.3,2.5,2858.5425955246083
3.0,1.5,7.3,7.3,3.0,2939.7035778494774
3.0,1.5,7.3,7.3,3.5,3085.3880613248484
3.0,2.0,6.3,6.3,1.0,2627.7008217329308
3.0,2.0,6.3,6.3,1.5,2613.8122218248536
3.0,2.0,6.3,6.3,2.0,2654.4762978020685
3.0,2.0,6.3,6.3,2.5,2725.191794374845
3.0,2.0,6.3,6.3,3.0,2803.7679518243203
3.0,2.0,6.3,6.3,3.5,2860.3110485089524
3.0,2.0,6.3,6.8,1.0,2661.1733979459596
3.0,2.0,6.3,6.8,1.5,2718.173611495702
3.0,2.0,6.3,6.8,2.0,2770.1286003718533
3.0,2.0,6.3,6.8,2.5,2831.1797822088033
3.0,2.0,6.3,6.8,3.0,2897.176282794538
3.0,2.0,6.3,6.8,3.5,2961.076551677096
3.0,2.0,6.3,7.3,1.0,2876.737103879812
3.0,2.0,6.3,7.3,1.5,2928.903314191133
3.0,2.0,6.3,7.3,2.0,2962.3970307212294
3.0,2.0,6.3,7.3,2.5,3067.5927563077134
3.0,2.0,6.3,7.3,3.0,3150.419549826178
3.0,2.0,6.3,7.3,3.5,3227.3390495079316
3.0,2.0,6.8,6.3,1.0,2661.1484796206205
3.0,2.0,6.8,6.3,1.5,2718.1533605366003
3.0,2.0,6.8,6.3,2.0,2770.1039045157995
3.0,2.0,6.8,6.3,2.5,2831.1563441605335
3.0,2.0,6.8,6.3,3.0,2897.1542878549
3.0,2.0,6.8,6.3,3.5,2961.055886655491
3.0,2.0,6.8,6.8,1.0,2685.4528370854996
3.0,2.0,6.8,6.8,1.5,2727.4778418415126
3.0,2.0,6.8,6.8,2.0,2782.203470567341
3.0,2.0,6.8,6.8,2.5,2850.509957751732
3.0,2.0,6.8,6.8,3.0,2932.3138111864505
3.0,2.0,6.8,6.8,3.5,2955.3314921454357
3.0,2.0,6.8,7.3,1.0,2786.7650438319324
3.0,2.0,6.8,7.3,1.5,2826.52628741967
3.0,2.0,6.8,7.3,2.0,2880.766323109021
3.0,2.0,6.8,7.3,2.5,2954.348514051954
3.0,2.0,6.8,7.3,3.0,3048.3236383693584
3.0,2.0,6.8,7.3,3.5,3110.857708358967
3.0,2.0,7.3,6.3,1.0,2876.7100965642867
3.0,2.0,7.3,6.3,1.5,2928.703018695539
3.0,2.0,7.3,6.3,2.0,2962.2669445232586
3.0,2.0,7.3,6.3,2.5,3067.5252130461927
3.0,2.0,7.3,6.3,3.0,3150.3203670703606
3.0,2.0,7.3,6.3,3.5,3227.2994220207784
3.0,2.0,7.3,6.8,1.0,2786.648317371007
3.0,2.0,7.3,6.8,1.5,2826.5016580995048
3.0,2.0,7.3,6.8,2.0,2880.370730440294
3.0,2.0,7.3,6.8,2.5,2954.2547387416025
3.0,2.0,7.3,6.8,3.0,3048.1768023055192
3.0,2.0,7.3,6.8,3.5,3110.9058101021174
3.0,2.0,7.3,7.3,1.0,2739.6366230420754
3.0,2.0,7.3,7.3,1.5,2735.0128179818976
3.0,2.0,7.3,7.3,2.0,2776.5837956143423
3.0,2.0,7.3,7.3,2.5,2842.9785605732613
3.0,2.0,7.3,7.3,3.0,2940.153484472051
3.0,2.0,7.3,7.3,3.5,3073.773370338255
3.0,2.5,6.3,6.3,1.0,2604.018910757176
3.0,2.5,6.3,6.3,1.5,2635.4352772454704
3.0,2.5,6.3,6.3,2.0,2677.241101665677
3.0,2.5,6.3,6.3,2.5,2727.585414632692
3.0,2.5,6.3,6.3,3.0,2783.4949429143576
3.0,2.5,6.3,6.3,3.5,2840.2741828401936
3.0,2.5,6.3,6.8,1.0,2631.784973405667
3.0,2.5,6.3,6.8,1.5,2675.479806004112
3.0,2.5,6.3,6.8,2.0,2745.2381246616537
3.0,2.5,6.3,6.8,2.5,2805.5125159562667
3.0,2.5,6.3,6.8,3.0,2869.733848945099
3.0,2.5,6.3,6.8,3.5,2930.1657092109367
3.0,2.5,6.3,7.3,1.0,2844.7131518891033
3.0,2.5,6.3,7.3,1.5,2899.400970965813
3.0,2.5,6.3,7.3,2.0,2964.585983109954
3.0,2.5,6.3,7.3,2.5,3038.864736535783
3.0,2.5,6.3,7.3,3.0,3116.6005076971323
3.0,2.5,6.3,7.3,3.5,3129.1273088311264
3.0,2.5,6.8,6.3,1.0,2631.766152279162
3.0,2.5,6.8,6.3,1.5,2675.4582765599534
3.0,2.5,6.8,6.3,2.0,2745.2135072696665
3.0,2.5,6.8,6.3,2.5,2805.4922883318227
3.0,2.5,6.8,6.3,3.0,2869.7136503740803
3.0,2.5,6.8,6.3,3.5,2930.14770836773
3.0,2.5,6.8,6.8,1.0,2660.87928711115
3.0,2.5,6.8,6.8,1.5,2704.5614236909296
3.0,2.5,6.8,6.8,2.0,2761.3557166056453
3.0,2.5,6.8,6.8,2.5,2831.240664158889
3.0,2.5,6.8,6.8,3.0,2861.4631772933544
3.0,2.5,6.8,6.8,3.5,2928.5594227030306
3.0,2.5,6.8,7.3,1.0,2761.2552048885536
3.0,2.5,6.8,7.3,1.5,2804.6122075391277
3.0,2.5,6.8,7.3,2.0,2864.037819547851
3.0,2.5,6.8,7.3,2.5,2940.168210755506
3.0,2.5,6.8,7.3,3.0,2995.9593008507404
3.0,2.5,6.8,7.3,3.5,3099.980451928028
3.0,2.5,7.3,6.3,1.0,2844.500935029981
3.0,2.5,7.3,6.3,1.5,2899.3299976529443
3.0,2.5,7.3,6.3,2.0,2964.5020246594177
3.0,2.5,7.3,6.3,2.5,3038.7900038253892
3.0,2.5,7.3,6.3,3.0,3116.531287635615
3.0,2.5,7.3,6.3,3.5,3129.1007838817727
3.0,2.5,7.3,6.8,1.0,2729.9611555655792
3.0,2.5,7.3,6.8,1.5,2803.5010263794998
3.0,2.5,7.3,6.8,2.0,2863.8872223727312
3.0,2.5,7.3,6.8,2.5,2939.9762470641863
3.0,2.5,7.3,6.8,3.0,3048.4348508414964
3.0,2.5,7.3,6.8,3.5,3099.9788415356898
3.0,2.5,7.3,7.3,1.0,2724.2379559801225
3.0,2.5,7.3,7.3,1.5,2756.3718149104297
3.0,2.5,7.3,7.3,2.0,2769.975692568457
3.0,2.5,7.3,7.3,2.5,2841.2301412639836
3.0,2.5,7.3,7.3,3.0,2946.9988612316793
3.0,2.5,7.3,7.3,3.5,3085.939778033565
3.0,3.0,6.3,6.3,1.0,2590.536878496937
3.0,3.0,6.3,6.3,1.5,2622.9927814206467
3.0,3.0,6.3,6.3,2.0,2666.0453939149547
3.0,3.0,6.3,6.3,2.5,2717.4647350789946
3.0,3.0,6.3,6.3,3.0,2774.0323861519555
3.0,3.0,6.3,6.3,3.5,2831.2899884392446
3.0,3.0,6.3,6.8,1.0,2611.614783675796
3.0,3.0,6.3,6.8,1.5,2654.9764891313066
3.0,3.0,6.3,6.8,2.0,2707.45325395795
3.0,3.0,6.3,6.8,2.5,2766.053911180606
3.0,3.0,6.3,6.8,3.0,2852.9577481357696
3.0,3.0,6.3,6.8,3.5,2906.8747121553697
3.0,3.0,6.3,7.3,1.0,2819.062781423977
3.0,3.0,6.3,7.3,1.5,2875.0585757072404
3.0,3.0,6.3,7.3,2.0,2940.540149015576
3.0,3.0,6.3,7.3,2.5,3028.172700671093
3.0,3.0,6.3,7.3,3.0,3035.478372004774
3.0,3.0,6.3,7.3,3.5,3121.038923062327
3.0,3.0,6.8,6.3,1.0,2611.595774342898
3.0,3.0,6.8,6.3,1.5,2654.957554845595
3.0,3.0,6.8,6.3,2.0,2707.437318417047
3.0,3.0,6.8,6.3,2.5,2766.0351567218186
3.0,3.0,6.8,6.3,3.0,2852.940359273094
3.0,3.0,6.8,6.3,3.5,2906.8601873920707
3.0,3.0,6.8,6.8,1.0,2644.2922235758147
3.0,3.0,6.8,6.8,1.5,2690.2871582905773
3.0,3.0,6.8,6.8,2.0,2749.137704215562
3.0,3.0,6.8,6.8,2.5,2819.7907714307694
3.0,3.0,6.8,6.8,3.0,2896.391990583119
3.0,3.0,6.8,6.8,3.5,2915.7736091153834
3.0,3.0,6.8,7.3,1.0,2749.1701059808756
3.0,3.0,6.8,7.3,1.5,2758.070806302674
3.0,3.0,6.8,7.3,2.0,2860.0148623696227
3.0,3.0,6.8,7.3,2.5,2945.028257462146
3.0,3.0,6.8,7.3,3.0,3045.8691473740237
3.0,3.0,6.8,7.3,3.5,3079.6774677157186
3.0,3.0,7.3,6.3,1.0,2834.3020312549193
3.0,3.0,7.3,6.3,1.5,2874.994658999867
3.0,3.0,7.3,6.3,2.0,2940.4059039741023
3.0,3.0,7.3,6.3,2.5,3028.0655538625533
3.0,3.0,7.3,6.3,3.0,3035.459302278912
3.0,3.0,7.3,6.3,3.5,3121.0172149216833
3.0,3.0,7.3,6.8,1.0,2749.129749940709
3.0,3.0,7.3,6.8,1.5,2758.054483795934
3.0,3.0,7.3,6.8,2.0,2859.9855791774767
3.0,3.0,7.3,6.8,2.5,2945.0256720346106
3.0,3.0,7.3,6.8,3.0,3045.8720778159304
3.0,3.0,7.3,6.8,3.5,3079.6667758769117
3.0,3.0,7.3,7.3,1.0,2675.275453409262
3.0,3.0,7.3,7.3,1.5,2757.9544341170504
3.0,3.0,7.3,7.3,2.0,2772.3968795331198
3.0,3.0,7.3,7.3,2.5,2855.965985454693
3.0,3.0,7.3,7.3,3.0,2969.623796763345
3.0,3.0,7.3,7.3,3.5,3129.791586143724
3.0,3.5,6.3,6.3,1.0,2587.9191421957275
3.0,3.5,6.3,6.3,1.5,2620.9996688238953
3.0,3.5,6.3,6.3,2.0,2665.686020297245
3.0,3.5,6.3,6.3,2.5,2719.0029541812974
3.0,3.5,6.3,6.3,3.0,2776.8261881156523
3.0,3.5,6.3,6.3,3.5,2835.391329038768
3.0,3.5,6.3,6.8,1.0,2627.6699438929895
3.0,3.5,6.3,6.8,1.5,2669.5582545180023
3.0,3.5,6.3,6.8,2.0,2722.015796792349
3.0,3.5,6.3,6.8,2.5,2781.187017368066
3.0,3.5,6.3,6.8,3.0,2840.287448415162
3.0,3.5,6.3,6.8,3.5,2892.5194632352495
3.0,3.5,6.3,7.3,1.0,2811.8482349022524
3.0,3.5,6.3,7.3,1.5,2868.714934182888
3.0,3.5,6.3,7.3,2.0,2922.9098854442145
3.0,3.5,6.3,7.3,2.5,2944.6595609686683
3.0,3.5,6.3,7.3,3.0,3040.6583305294566
3.0,3.5,6.3,7.3,3.5,3062.9683037725626
3.0,3.5,6.8,6.3,1.0,2627.6485457215276
3.0,3.5,6.8,6.3,1.5,2669.5428740405764
3.0,3.5,6.8,6.3,2.0,2721.997124565147
3.0,3.5,6.8,6.3,2.5,2781.168746720039
3.0,3.5,6.8,6.3,3.0,2840.2723102407062
3.0,3.5,6.8,6.3,3.5,2892.509814520145
3.0,3.5,6.8,6.8,1.0,2636.612404720215
3.0,3.5,6.8,6.8,1.5,2683.991654062527
3.0,3.5,6.8,6.8,2.0,2744.3471124368943
3.0,3.5,6.8,6.8,2.5,2813.919387025763
3.0,3.5,6.8,6.8,3.0,2885.4780916644004
3.0,3.5,6.8,6.8,3.5,2944.5105913121115
3.0,3.5,6.8,7.3,1.0,2741.078491357944
3.0,3.5,6.8,7.3,1.5,2793.3675669985446
3.0,3.5,6.8,7.3,2.0,2863.7292394962205
3.0,3.5,6.8,7.3,2.5,2949.630663997836
3.0,3.5,6.8,7.3,3.0,2983.1239237697228
3.0,3.5,6.8,7.3,3.5,3048.85989457492
3.0,3.5,7.3,6.3,1.0,2811.7888161218766
3.0,3.5,7.3,6.3,1.5,2868.6465047445863
3.0,3.5,7.3,6.3,2.0,2922.8118680977086
3.0,3.5,7.3,6.3,2.5,2944.6193841482354
3.0,3.5,7.3,6.3,3.0,3040.5972576371732
3.0,3.5,7.3,6.3,3.5,3062.9153609690325
3.0,3.5,7.3,6.8,1.0,2741.0481802331096
3.0,3.5,7.3,6.8,1.5,2793.3212686809043
3.0,3.5,7.3,6.8,2.0,2863.686417432572
3.0,3.5,7.3,6.8,2.5,2949.63384941219
3.0,3.5,7.3,6.8,3.0,2983.0646979131175
3.0,3.5,7.3,6.8,3.5,3048.8164296582327
3.0,3.5,7.3,7.3,1.0,2716.031773681917
3.0,3.5,7.3,7.3,1.5,2764.793922475039
3.0,3.5,7.3,7.3,2.0,2837.322619918091
3.0,3.5,7.3,7.3,2.5,2890.079224133594
3.0,3.5,7.3,7.3,3.0,3016.454251395104
3.0,3.5,7.3,7.3,3.5,3140.4376777088737
3.1,1.5,6.3,6.3,1.5,2661.6180616014
3.2,1.5,6.3,6.3,1.5,2729.949562665259
3.3,1.5,6.3,6.3,1.5,2695.128019401236
3.4,1.5,6.3,6.3,1.5,2735.022195575183
3.5,1.0,6.3,6.3,1.0,2718.8196612359716
3.5,1.0,6.3,6.3,1.5,2800.112141334112
3.5,1.0,6.3,6.3,2.0,2833.9485429752167
3.5,1.0,6.3,6.3,2.5,2851.094814415421
3.5,1.0,6.3,6.3,3.0,2900.631125410758
3.5,1.0,6.3,6.3,3.5,2952.1968424280817
3.5,1.0,6.3,6.8,1.0,2810.9895451986827
3.5,1.0,6.3,6.8,1.5,2833.579575302212
3.5,1.0,6.3,6.8,2.0,2880.9796487871135
3.5,1.0,6.3,6.8,2.5,2934.593493314839
3.5,1.0,6.3,6.8,3.0,2991.14953151813
3.5,1.0,6.3,6.8,3.5,3044.8975288714782
3.5,1.0,6.3,7.3,1.0,3049.066686774525
3.5,1.0,6.3,7.3,1.5,3100.1604372299
3.5,1.0,6.3,7.3,2.0,3159.902934936038
3.5,1.0,6.3,7.3,2.5,3226.6203107160436
3.5,1.0,6.3,7.3,3.0,3294.464243597198
3.5,1.0,6.3,7.3,3.5,3347.018687841014
3.5,1.0,6.8,6.3,1.0,2810.94766502758
3.5,1.0,6.8,6.3,1.5,2833.5446928676847
3.5,1.0,6.8,6.3,2.0,2880.964917249874
3.5,1.0,6.8,6.3,2.5,2934.560013591414
3.5,1.0,6.8,6.3,3.0,2991.1050467820673
3.5,1.0,6.8,6.3,3.5,3044.8570742706934
3.5,1.0,6.8,6.8,1.0,2846.380177477029
3.5,1.0,6.8,6.8,1.5,2887.624857475977
3.5,1.0,6.8,6.8,2.0,2941.3671207656907
3.5,1.0,6.8,6.8,2.5,3006.919325843814
3.5,1.0,6.8,6.8,3.0,3082.279470919435
3.5,1.0,6.8,6.8,3.5,3159.3282087483767
3.5,1.0,6.8,7.3,1.0,2957.726535721846
3.5,1.0,6.8,7.3,1.5,2997.358344279285
3.5,1.0,6.8,7.3,2.0,3054.5857378865294
3.5,1.0,6.8,7.3,2.5,3130.151002989209
3.5,1.0,6.8,7.3,3.0,3224.333497912314
3.5,1.0,6.8,7.3,3.5,3268.664156164108
3.5,1.0,7.3,6.3,1.0,3049.009013494791
3.5,1.0,7.3,6.3,1.5,3100.0696651790413
3.5,1.0,7.3,6.3,2.0,3159.808129947736
3.5,1.0,7.3,6.3,2.5,3226.541837397559
3.5,1.0,7.3,6.3,3.0,3294.39108603747
3.5,1.0,7.3,6.3,3.5,3346.9546942678408
3.5,1.0,7.3,6.8,1.0,2957.6878507069546
3.5,1.0,7.3,6.8,1.5,2997.336503714571
3.5,1.0,7.3,6.8,2.0,3054.525738389066
3.5,1.0,7.3,6.8,2.5,3130.09714882924
3.5,1.0,7.3,6.8,3.0,3224.2710296446458
3.5,1.0,7.3,6.8,3.5,3268.5938338400247
3.5,1.0,7.3,7.3,1.0,2912.558933043653
3.5,1.0,7.3,7.3,1.5,2923.5694116979703
3.5,1.0,7.3,7.3,2.0,2973.8019726430466
3.5,1.0,7.3,7.3,2.5,3083.8966181208675
3.5,1.0,7.3,7.3,3.0,3134.01856942879
3.5,1.0,7.3,7.3,3.5,3245.5212761411785
3.5,1.5,6.3,6.3,1.0,2720.5232410966496
3.5,1.5,6.3,6.3,1.5,2752.360889854334
3.5,1.5,6.3,6.3,2.0,2766.3072305743726
3.5,1.5,6.3,6.3,2.5,2811.241563287719
3.5,1.5,6.3,6.3,3.0,2909.921728288822
3.5,1.5,6.3,6.3,3.5,2915.2512010423825
3.5,1.5,6.3,6.8,1.0,2780.792488283799
3.5,1.5,6.3,6.8,1.5,2789.754172594523
3.5,1.5,6.3,6.8,2.0,2836.8902965320294
3.5,1.5,6.3,6.8,2.5,2890.3047395886556
3.5,1.5,6.3,6.8,3.0,2947.264371836325
3.5,1.5,6.3,6.8,3.5,3002.449079498966
3.5,1.5,6.3,7.3,1.0,3000.0706102218
3.5,1.5,6.3,7.3,1.5,3050.5304519996
3.5,1.5,6.3,7.3,2.0,3111.073871892324
3.5,1.5,6.3,7.3,2.5,3176.1253830082296
3.5,1.5,6.3,7.3,3.0,3243.039408071955
3.5,1.5,6.3,7.3,3.5,3296.677747295447
3.5,1.5,6.8,6.3,1.0,2780.7680987988624
3.5,1.5,6.8,6.3,1.5,2789.742224721021
3.5,1.5,6.8,6.3,2.0,2836.8600069983722
3.5,1.5,6.8,6.3,2.5,2890.2758320478506
3.5,1.5,6.8,6.3,3.0,2947.2282820855207
3.5,1.5,6.8,6.3,3.5,3002.4228295313887
3.5,1.5,6.8,6.8,1.0,2801.7305404928093
3.5,1.5,6.8,6.8,1.5,2844.148520858012
3.5,1.5,6.8,6.8,2.0,2897.4095970758144
3.5,1.5,6.8,6.8,2.5,2961.938340303251
3.5,1.5,6.8,6.8,3.0,3036.27246631571
3.5,1.5,6.8,6.8,3.5,3112.46389159715
3.5,1.5,6.8,7.3,1.0,2912.7709756404706
3.5,1.5,6.8,7.3,1.5,2953.001985546543
3.5,1.5,6.8,7.3,2.0,3008.8960210295118
3.5,1.5,6.8,7.3,2.5,3082.611041580971
3.5,1.5,6.8,7.3,3.0,3175.3453473728687
3.5,1.5,6.8,7.3,3.5,3219.647914186874
3.5,1.5,7.3,6.3,1.0,2999.9878692107764
3.5,1.5,7.3,6.3,1.5,3050.4352552136934
3.5,1.5,7.3,6.3,2.0,3110.973617018828
3.5,1.5,7.3,6.3,2.5,3176.004134729267
3.5,1.5,7.3,6.3,3.0,3242.9762098358506
3.5,1.5,7.3,6.3,3.5,3296.6445060580763
3.5,1.5,7.3,6.8,1.0,2912.7216565519943
3.5,1.5,7.3,6.8,1.5,2952.9622543555024
3.5,1.5,7.3,6.8,2.0,3008.82214019184
3.5,1.5,7.3,6.8,2.5,3082.5741546891873
3.5,1.5,7.3,6.8,3.0,3175.3039768150406
3.5,1.5,7.3,6.8,3.5,3219.61241928846
3.5,1.5,7.3,7.3,1.0,2840.6702969732773
3.5,1.5,7.3,7.3,1.5,2881.0836833517737
3.5,1.5,7.3,7.3,2.0,2963.0733813904408
3.5,1.5,7.3,7.3,2.5,3038.06872103315
3.5,1.5,7.3,7.3,3.0,3088.412502013781
3.5,1.5,7.3,7.3,3.5,3218.3845991662447
3.5,2.0,6.3,6.3,1.0,2720.4327033150817
3.5,2.0,6.3,6.3,1.5,2751.7600235337736
3.5,2.0,6.3,6.3,2.0,2758.569758544454
3.5,2.0,6.3,6.3,2.5,2784.901019001276
3.5,2.0,6.3,6.3,3.0,2836.675147286292
3.5,2.0,6.3,6.3,3.5,2936.4244572829084
3.5,2.0,6.3,6.8,1.0,2744.950229812259
3.5,2.0,6.3,6.8,1.5,2756.840800580294
3.5,2.0,6.3,6.8,2.0,2803.6015984932073
3.5,2.0,6.3,6.8,2.5,2857.0758949210685
3.5,2.0,6.3,6.8,3.0,2914.107769235361
3.5,2.0,6.3,6.8,3.5,3018.213517147597
3.5,2.0,6.3,7.3,1.0,2959.7908803987857
3.5,2.0,6.3,7.3,1.5,3010.7436855548854
3.5,2.0,6.3,7.3,2.0,3070.0934168883605
3.5,2.0,6.3,7.3,2.5,3134.7742658146517
3.5,2.0,6.3,7.3,3.0,3198.5213854314047
3.5,2.0,6.3,7.3,3.5,3199.8207683003793
3.5,2.0,6.8,6.3,1.0,2744.9286693008085
3.5,2.0,6.8,6.3,1.5,2756.7998337993167
3.5,2.0,6.8,6.3,2.0,2803.555614927397
3.5,2.0,6.8,6.3,2.5,2857.0627924466476
3.5,2.0,6.8,6.3,3.0,2914.04770272426
3.5,2.0,6.8,6.3,3.5,3018.1682086311666
3.5,2.0,6.8,6.8,1.0,2727.1493498751115
3.5,2.0,6.8,6.8,1.5,2812.161247868701
3.5,2.0,6.8,6.8,2.0,2865.623652628904
3.5,2.0,6.8,6.8,2.5,2930.236463485364
3.5,2.0,6.8,6.8,3.0,3003.01287251587
3.5,2.0,6.8,6.8,3.5,3075.565367785447
3.5,2.0,6.8,7.3,1.0,2879.6483853155432
3.5,2.0,6.8,7.3,1.5,2921.540316291864
3.5,2.0,6.8,7.3,2.0,2979.1829024404096
3.5,2.0,6.8,7.3,2.5,3054.114732569941
3.5,2.0,6.8,7.3,3.0,3091.880257659772
3.5,2.0,6.8,7.3,3.5,3230.572235535129
3.5,2.0,7.3,6.3,1.0,2959.691458373733
3.5,2.0,7.3,6.3,1.5,3010.6439786026135
3.5,2.0,7.3,6.3,2.0,3069.9945901339943
3.5,2.0,7.3,6.3,2.5,3134.7235485260735
3.5,2.0,7.3,6.3,3.0,3198.435119886447
3.5,2.0,7.3,6.3,3.5,3199.7391359125186
3.5,2.0,7.3,6.8,1.0,2879.566196099201
3.5,2.0,7.3,6.8,1.5,2921.4908624121767
3.5,2.0,7.3,6.8,2.0,2979.1610548608855
3.5,2.0,7.3,6.8,2.5,3054.0758225560776
3.5,2.0,7.3,6.8,3.0,3091.8327798074633
3.5,2.0,7.3,6.8,3.5,3230.5379527206846
3.5,2.0,7.3,7.3,1.0,2841.9021333531914
3.5,2.0,7.3,7.3,1.5,2884.3102551176285
3.5,2.0,7.3,7.3,2.0,2904.027689580519
3.5,2.0,7.3,7.3,2.5,3017.7923267476726
3.5,2.0,7.3,7.3,3.0,3069.6527325893926
3.5,2.0,7.3,7.3,3.5,3200.0042984295915
3.5,2.5,6.3,6.3,1.0,2704.43001653389
3.5,2.5,6.3,6.3,1.5,2730.9307383601054
3.5,2.5,6.3,6.3,2.0,2769.1505596672177
3.5,2.5,6.3,6.3,2.5,2815.107561295722
3.5,2.5,6.3,6.3,3.0,2866.901646072983
3.5,2.5,6.3,6.3,3.5,2921.142671037183
3.5,2.5,6.3,6.8,1.0,2695.8719361687317
3.5,2.5,6.3,6.8,1.5,2733.2520683933935
3.5,2.5,6.3,6.8,2.0,2780.3842795860546
3.5,2.5,6.3,6.8,2.5,2833.9463484611642
3.5,2.5,6.3,6.8,3.0,2938.167055829165
3.5,2.5,6.3,6.8,3.5,2992.370777458089
3.5,2.5,6.3,7.3,1.0,2927.0817234560145
3.5,2.5,6.3,7.3,1.5,2978.0736885567226
3.5,2.5,6.3,7.3,2.0,3036.865614335632
3.5,2.5,6.3,7.3,2.5,3099.234052528752
3.5,2.5,6.3,7.3,3.0,3143.821323678675
3.5,2.5,6.3,7.3,3.5,3176.224797315921
3.5,2.5,6.8,6.3,1.0,2695.8198613998015
3.5,2.5,6.8,6.3,1.5,2733.2466340130195
3.5,2.5,6.8,6.3,2.0,2780.3560986785633
3.5,2.5,6.8,6.3,2.5,2833.8946412086725
3.5,2.5,6.8,6.3,3.0,2938.133457480386
3.5,2.5,6.8,6.3,3.5,2992.371746146825
3.5,2.5,6.8,6.8,1.0,2702.7763761673905
3.5,2.5,6.8,6.8,1.5,2788.1568806668565
3.5,2.5,6.8,6.8,2.0,2843.245325462526
3.5,2.5,6.8,6.8,2.5,2907.5866059329346
3.5,2.5,6.8,6.8,3.0,2926.936029961187
3.5,2.5,6.8,6.8,3.5,2993.817682402875
3.5,2.5,6.8,7.3,1.0,2855.4248320701104
3.5,2.5,6.8,7.3,1.5,2900.1972350875476
3.5,2.5,6.8,7.3,2.0,2960.644434639353
3.5,2.5,6.8,7.3,2.5,2988.846942665985
3.5,2.5,6.8,7.3,3.0,3114.8421913649713
3.5,2.5,6.8,7.3,3.5,3214.844263186424
3.5,2.5,7.3,6.3,1.0,2926.965391284609
3.5,2.5,7.3,6.3,1.5,2978.0295358914054
3.5,2.5,7.3,6.3,2.0,3036.7824139776344
3.5,2.5,7.3,6.3,2.5,3099.1753381103063
3.5,2.5,7.3,6.3,3.0,3143.8051497596825
3.5,2.5,7.3,6.3,3.5,3176.2019273896053
3.5,2.5,7.3,6.8,1.0,2855.3751752300923
3.5,2.5,7.3,6.8,1.5,2900.1548852576902
3.5,2.5,7.3,6.8,2.0,2960.6150574219496
3.5,2.5,7.3,6.8,2.5,2988.819282111025
3.5,2.5,7.3,6.8,3.0,3114.804173349795
3.5,2.5,7.3,6.8,3.5,3214.7972612889407
3.5,2.5,7.3,7.3,1.0,2824.5529775690184
3.5,2.5,7.3,7.3,1.5,2863.8845033436305
3.5,2.5,7.3,7.3,2.0,2891.3375311584255
3.5,2.5,7.3,7.3,2.5,2963.995436623078
3.5,2.5,7.3,7.3,3.0,3067.687358954518
3.5,2.5,7.3,7.3,3.5,3199.749035377864
3.5,3.0,6.3,6.3,1.0,2693.1290086168183
3.5,3.0,6.3,6.3,1.5,2721.4835439735834
3.5,3.0,6.3,6.3,2.0,2760.477274151275
3.5,3.0,6.3,6.3,2.5,2808.1187616504167
3.5,3.0,6.3,6.3,3.0,2831.7546546836193
3.5,3.0,6.3,6.3,3.5,2888.973440465894
3.5,3.0,6.3,6.8,1.0,2700.5223347814494
3.5,3.0,6.3,6.8,1.5,2720.2610341520813
3.5,3.0,6.3,6.8,2.0,2812.4680986025433
3.5,3.0,6.3,6.8,2.5,2866.364808116763
3.5,3.0,6.3,6.8,3.0,2923.037190431403
3.5,3.0,6.3,6.8,3.5,2976.0450215452133
3.5,3.0,6.3,7.3,1.0,2900.8797453902066
3.5,3.0,6.3,7.3,1.5,2951.512876107041
3.5,3.0,6.3,7.3,2.0,3008.59498320627
3.5,3.0,6.3,7.3,2.5,3025.6852660787035
3.5,3.0,6.3,7.3,3.0,3099.724138675486
3.5,3.0,6.3,7.3,3.5,3100.1942890129167
3.5,3.0,6.8,6.3,1.0,2730.0080521633963
3.5,3.0,6.8,6.3,1.5,2720.2331394551707
3.5,3.0,6.8,6.3,2.0,2812.4617034269268
3.5,3.0,6.8,6.3,2.5,2866.320363682321
3.5,3.0,6.8,6.3,3.0,2923.012550808764
3.5,3.0,6.8,6.3,3.5,2976.0452981033545
3.5,3.0,6.8,6.8,1.0,2687.5290955458804
3.5,3.0,6.8,6.8,1.5,2729.35049197903
3.5,3.0,6.8,6.8,2.0,2782.515184637462
3.5,3.0,6.8,6.8,2.5,2894.8114988113934
3.5,3.0,6.8,6.8,3.0,2962.8433017787
3.5,3.0,6.8,6.8,3.5,3024.966673588231
3.5,3.0,6.8,7.3,1.0,2839.145142187672
3.5,3.0,6.8,7.3,1.5,2886.988530894585
3.5,3.0,6.8,7.3,2.0,2950.3493856269743
3.5,3.0,6.8,7.3,2.5,3027.541988130937
3.5,3.0,6.8,7.3,3.0,3110.9151813383705
3.5,3.0,6.8,7.3,3.5,3181.3483299694944
3.5,3.0,7.3,6.3,1.0,2900.7351713201624
3.5,3.0,7.3,6.3,1.5,2951.4669051237483
3.5,3.0,7.3,6.3,2.0,3008.5622037954927
3.5,3.0,7.3,6.3,2.5,3025.6203494005167
3.5,3.0,7.3,6.3,3.0,3099.6545296412664
3.5,3.0,7.3,6.3,3.5,3100.152532311838
3.5,3.0,7.3,6.8,1.0,2839.1296585665514
3.5,3.0,7.3,6.8,1.5,2886.918647375749
3.5,3.0,7.3,6.8,2.0,2950.300700491817
3.5,3.0,7.3,6.8,2.5,3027.500806348453
3.5,3.0,7.3,6.8,3.0,3110.8765678682503
3.5,3.0,7.3,6.8,3.5,3181.3291993225766
3.5,3.0,7.3,7.3,1.0,2816.934352662588
3.5,3.0,7.3,7.3,1.5,2862.9184118298836
3.5,3.0,7.3,7.3,2.0,2936.7611965380383
3.5,3.0,7.3,7.3,2.5,2968.904167493725
3.5,3.0,7.3,7.3,3.0,3080.1293387017377
3.5,3.0,7.3,7.3,3.5,3192.4792932510904
3.5,3.5,6.3,6.3,1.0,2664.2875577207446
3.5,3.5,6.3,6.3,1.5,2693.205150094511
3.5,3.5,6.3,6.3,2.0,2734.19153116014
3.5,3.5,6.3,6.3,2.5,2783.828600291419
3.5,3.5,6.3,6.3,3.0,2840.6822073254966
3.5,3.5,6.3,6.3,3.5,2901.1429384483517
3.5,3.5,6.3,6.8,1.0,2724.0368051841124
3.5,3.5,6.3,6.8,1.5,2761.3629449720656
3.5,3.5,6.3,6.8,2.0,2808.677947625957
3.5,3.5,6.3,6.8,2.5,2862.476826548079
3.5,3.5,6.3,6.8,3.0,2917.9855137547875
3.5,3.5,6.3,6.8,3.5,2941.8264950684356
3.5,3.5,6.3,7.3,1.0,2841.3705507141376
3.5,3.5,6.3,7.3,1.5,2890.9598908944376
3.5,3.5,6.3,7.3,2.0,2944.798485939802
3.5,3.5,6.3,7.3,2.5,3021.119790060737
3.5,3.5,6.3,7.3,3.0,3037.5142250839012
3.5,3.5,6.3,7.3,3.5,3103.5571402658907
3.5,3.5,6.8,6.3,1.0,2724.011884235684
3.5,3.5,6.8,6.3,1.5,2761.343614308537
3.5,3.5,6.8,6.3,2.0,2808.6759638396998
3.5,3.5,6.8,6.3,2.5,2862.447343927908
3.5,3.5,6.8,6.3,3.0,2917.9434370043664
3.5,3.5,6.8,6.3,3.5,2941.836442500088
3.5,3.5,6.8,6.8,1.0,2729.017227124164
3.5,3.5,6.8,6.8,1.5,2771.5051587341454
3.5,3.5,6.8,6.8,2.0,2826.35891090608
3.5,3.5,6.8,6.8,2.5,2889.4331485638186
3.5,3.5,6.8,6.8,3.0,2954.0789320693457
3.5,3.5,6.8,6.8,3.5,3010.217314002785
3.5,3.5,6.8,7.3,1.0,2830.634999005679
3.5,3.5,6.8,7.3,1.5,2880.914287027583
3.5,3.5,6.8,7.3,2.0,2945.8187203032353
3.5,3.5,6.8,7.3,2.5,3020.281701000875
3.5,3.5,6.8,7.3,3.0,3092.9045212478477
3.5,3.5,6.8,7.3,3.5,3143.166529145354
3.5,3.5,7.3,6.3,1.0,2841.3412656225505
3.5,3.5,7.3,6.3,1.5,2890.903539327129
3.5,3.5,7.3,6.3,2.0,2944.73753202615
3.5,3.5,7.3,6.3,2.5,3021.055497666077
3.5,3.5,7.3,6.3,3.0,3037.448982523046
3.5,3.5,7.3,6.3,3.5,3103.5630241716017
3.5,3.5,7.3,6.8,1.0,2830.5758229785024
3.5,3.5,7.3,6.8,1.5,2880.8763474572484
3.5,3.5,7.3,6.8,2.0,2945.7954158343837
3.5,3.5,7.3,6.8,2.5,3020.2159398714552
3.5,3.5,7.3,6.8,3.0,3092.8621207259985
3.5,3.5,7.3,6.8,3.5,3143.1240312160626
3.5,3.5,7.3,7.3,1.0,2821.844431278053
3.5,3.5,7.3,7.3,1.5,2873.9701221474197
3.5,3.5,7.3,7.3,2.0,2893.6020115601186
3.5,3.5,7.3,7.3,2.5,2986.102328895955
3.5,3.5,7.3,7.3,3.0,3086.599821183958
3.5,3.5,7.3,7.3,3.5,3237.035064128462
